station_id,station_name,latitude,longitude,empty_slots,free_bikes,timestamp,station_uid,bars,museums,restaurants,ratingbars,ratingmuseums,ratingrestaurants,pricebars,pricerestaurants,popularitybars,popularitymuseums,popularityrestaurants
fedd9729d9183b05bb4a3bd9da7d7de1,Nieuwland 1,51.0602571,3.7293461,2,1,2024-04-18 00:29:30.343000+00:00,23997,50.0,17.0,50.0,8.392000000000001,7.3,8.44,2.0,2.0,0.9970259345148181,0.5461501275332307,0.9971145990681446
360b8beb20716998aea9c9a9bbe9720f,IKEA,51.0236911,3.6892353,9,3,2024-04-18 00:29:30.349000+00:00,23991,5.0,0.0,13.0,7.0,0.0,6.8999999999999995,2.0,1.0,0.6981655426249389,0.0,0.7628178875107263
c41d2c76618e7fa70fb587d1c2f0497d,Opgeëistenlaan 401,51.0630685,3.7159931,2,4,2024-04-18 00:29:30.350000+00:00,12392,49.0,13.0,50.0,7.605714285714285,6.8,7.90204081632653,2.0,2.0,0.9372306798679517,0.5558222347509734,0.9965541029296002
0af3043c5906684b3afc97f387c94430,Land van Waaslaan 128,51.0585209,3.7475825,0,3,2024-04-18 00:29:30.361000+00:00,13169,41.0,2.0,50.0,7.533333333333332,5.3,7.639130434782608,2.0,2.0,0.7630712021421125,0.7160912601323319,0.7934645129034317
31578db5c5ecc8491f076cf2023ccc7d,Wittemolenstraat 40,51.0565756,3.7495297,2,1,2024-04-18 00:29:30.365000+00:00,13245,46.0,2.0,50.0,7.685714285714285,5.3,7.533333333333334,2.0,2.0,0.7559278796034297,0.7160912601323319,0.8471420441248431
dfb4810ce36bce22c088da09bc37132d,Groendreef 133,51.0655317,3.6993996,3,0,2024-04-18 00:29:30.368000+00:00,13162,50.0,1.0,50.0,8.15,6.5,7.459090909090909,2.0,2.0,0.6104508222879391,0.9960693998255431,0.7695548688381593
1a3bb31080ba77d41404c93e0c0f0299,Kogelstraat 2,51.0580561,3.7422591,0,3,2024-04-18 00:29:30.565000+00:00,13165,50.0,7.0,50.0,7.863157894736842,6.4,7.858823529411764,2.0,2.0,0.8108300534008468,0.727547975661128,0.892419154096547
aaa26c27fc316b71372ceb012d8890d7,Emanuel Hielstraat 105,51.0407663,3.7615006,0,4,2024-04-18 00:29:30.372000+00:00,16679,22.0,2.0,27.0,7.2,0.0,6.5875,2.0,1.0,0.8010651580941793,0.9854716720209349,0.8317972105123989
c88c6800155be87a311cdacd08762293,Rhino Boulder gym,51.0548977,3.6992427,2,1,2024-04-18 00:29:30.616000+00:00,18773,50.0,1.0,50.0,8.0,0.0,7.815384615384616,2.0,2.0,0.6264182605365615,0.24373976129183245,0.7894474288875177
1b3506fe59b23039bab3dc8f524f625a,Belgradostraat 67,51.0509493,3.7320597,1,1,2024-04-18 00:29:30.380000+00:00,12068,50.0,15.0,50.0,8.472000000000001,7.3,8.606,2.0,2.0,0.9974849477692913,0.7708460763142778,0.9975978129055592
1fcaa8749188138a506a8e3aa212814e,Kasteellaan 54,51.049469,3.7396381,3,0,2024-04-18 00:29:30.380000+00:00,12069,50.0,4.0,50.0,8.236363636363636,0.0,7.921951219512195,2.0,2.0,0.8797442716422356,0.995808778163096,0.9953075335616876
410f1baccd30d330aca8009211c62fbe,Coupure Links 501,51.0503505,3.7104104,12,0,2024-04-18 00:29:30.381000+00:00,12061,48.0,8.0,50.0,7.87948717948718,8.2,8.228,2.0,2.0,0.9698891213234309,0.7008412836870594,0.9973253834861605
acab2936b4d32b1cd7d5cda63597f0b0,Kortrijksepoortstraat,51.0438426,3.7215985,3,3,2024-04-18 00:29:30.382000+00:00,19787,50.0,19.0,50.0,8.156,7.949999999999999,8.416,2.0,2.0,0.9960071165670276,0.9185320174598784,0.9970776333425526
0546d825dfb50724ced5555d608abe99,Fratersplein 1,51.0618368,3.7243753,2,1,2024-04-18 00:29:30.383000+00:00,12067,50.0,17.0,50.0,8.324,7.3,8.476,2.0,2.0,0.9969215794736506,0.5906910197221454,0.9970191796268324
a1548171597de0c03c922c566938fa76,Koningin Elisabethlaan 18,51.0376269,3.7147088,3,0,2024-04-18 00:29:31.272000+00:00,12150,50.0,14.0,50.0,7.455555555555555,7.949999999999999,7.88,2.0,2.0,0.9638135331787333,0.8936190834154795,0.9865815479862988
6d9592273f520fc85d1201f1f153e850,HoGent Sporthal,51.0351449,3.7044468,5,0,2024-04-18 00:29:30.388000+00:00,20360,29.0,1.0,50.0,6.142857142857143,0.0,7.52258064516129,2.0,1.0,0.9493443749089665,0.9744537582707486,0.8123425100525499
2e6f52f47d12de5f800f3ec732114ecd,XIOR Student Housing ,51.0343421,3.7042949,5,1,2024-04-18 00:29:30.389000+00:00,20361,29.0,0.0,50.0,6.142857142857143,0.0,7.4875,2.0,1.0,0.9493443749089665,0.0,0.8124631406505968
c3f3cb05411a0e86ec58d50fe9f01be8,Parklaan 98,51.0344795,3.717256,2,1,2024-04-18 00:29:31.274000+00:00,12151,50.0,9.0,50.0,7.35625,7.9,7.759183673469387,2.0,2.0,0.9223867625470714,0.7439157252373962,0.9773698487330595
01b098a044c60e31c642865cf0ce1b3e,Ekkergemstraat 9,51.0525839,3.7088423,2,0,2024-04-18 00:29:30.390000+00:00,21848,50.0,7.0,50.0,7.7976190476190474,0.0,8.308,2.0,2.0,0.931755260302534,0.49301684644242566,0.9969899261749251
30659032c2a35a4d7311a0e1933d4e89,Hector van Wittenberghe,51.0587496,3.713344,3,0,2024-04-18 00:29:30.392000+00:00,21847,50.0,13.0,50.0,8.13,7.1,8.484,2.0,2.0,0.9966551603089164,0.5664462906622981,0.9971078441801587
0f5d523e22bc6d0a8cadcdfcb2d66105,Flixbus Ghent,51.053617,3.7403016,11,1,2024-04-18 00:29:30.393000+00:00,17222,39.0,4.0,36.0,8.052,0.0,7.92,2.0,2.0,0.9677698559339094,0.47969012616215984,0.9959223199701202
9fb7767ba19d7e665b92c41d329a37de,Vijfwindgatenstraat 23,51.0444101,3.7340243,3,0,2024-04-18 00:29:30.398000+00:00,16708,50.0,13.0,50.0,7.96530612244898,7.8,8.158,2.0,2.0,0.9916202157309109,0.9933315426674894,0.9963852839180478
11b81031b4ea4395876c7a7dbf4f14da,François Benardstraat 80,51.0419186,3.7316075,3,0,2024-04-18 00:29:30.408000+00:00,16705,50.0,18.0,50.0,8.062000000000001,7.866666666666667,8.027999999999999,2.0,2.0,0.9956114503329574,0.8436820522094335,0.9962816203221071
2caa169946b51c132094aa06e634fcad,Hubert Frère-Orbanlaan 634,51.0392616,3.7364216,6,0,2024-04-18 00:29:30.412000+00:00,16706,50.0,14.0,50.0,7.807317073170732,7.8,7.6121951219512205,2.0,2.0,0.9388318830712933,0.8049442987681638,0.9788595408803694
cd7001bfe1befebc9058bdc98b2c8086,Voetweg 19,51.0406669,3.7272728,2,1,2024-04-18 00:29:30.413000+00:00,16700,50.0,18.0,50.0,7.9375,7.95,8.07391304347826,2.0,2.0,0.9684033465948981,0.8576976711351114,0.9964249622364529
bb7ae494088165917b10648d1891f7f8,Lange Kruisstraat 31,51.0523184,3.7257917,6,0,2024-04-18 00:29:30.418000+00:00,14695,50.0,20.0,50.0,8.498,7.3,8.677999999999999,2.0,2.0,0.9975668042465375,0.6574422997822834,0.9976154713528923
fecd51be0c13ce728017a0127aae2152,Bisdomplein GF,51.0526166,3.7288539,16,0,2024-04-18 00:29:30.419000+00:00,12015,50.0,20.0,50.0,8.498,7.3,8.69,2.0,2.0,0.9975422313469353,0.6574422997822834,0.997522711316299
1c9dc37c9f4ad22a9af38194caccf874,Brouwerstraat 1,51.0552908,3.7164211,2,2,2024-04-18 00:29:30.420000+00:00,12014,50.0,15.0,50.0,8.37,7.1,8.544,2.0,2.0,0.9975437206135779,0.558559366616831,0.997825245197115
637df9d7130f3194044e9e1891c240e9,Reep,51.0535559,3.7308213,10,0,2024-04-18 00:29:30.428000+00:00,12016,50.0,18.0,50.0,8.522,7.3,8.684,2.0,2.0,0.9973736250877603,0.6708739335787077,0.9974676616386188
8ecf121c3ab53bb2d5a27f279c82d112,Alexianenplein 1,51.0521669,3.7174294,12,0,2024-04-18 00:29:30.429000+00:00,12011,50.0,15.0,50.0,8.49,7.6499999999999995,8.662,2.0,2.0,0.9974973937833755,0.6248906984660554,0.9976098334148884
8382d32e7725c746e331dfac37e28800,Ter Platen 32,51.0392373,3.7295442,5,1,2024-04-18 00:29:30.443000+00:00,12084,50.0,18.0,50.0,7.932608695652173,7.949999999999999,7.993181818181818,2.0,2.0,0.9672385273280429,0.8576976711351114,0.9951361083335106
ad2be11652d6624b4d4c2fbd413bf528,Tolhuislaan 77,51.0635508,3.7256125,1,1,2024-04-18 00:29:30.444000+00:00,12082,50.0,13.0,50.0,8.03265306122449,7.3,8.304,2.0,2.0,0.9961876901474374,0.49211985139246434,0.996743718486054
78e75ce0a100d0137b9e3025077cae83,Savaanstraat 78,51.0486187,3.7234384,3,1,2024-04-18 00:29:30.448000+00:00,12083,50.0,16.0,50.0,8.552,7.699999999999999,8.687999999999999,2.0,2.0,0.9976114290577197,0.8842662525087052,0.99780732080931
c3c97d972307186c9f2301d3fe97517e,Ham 155,51.0610287,3.7340166,8,0,2024-04-18 00:29:30.452000+00:00,12080,50.0,10.0,50.0,8.022448979591838,7.3,8.146,2.0,2.0,0.9962277407825033,0.6411957747377828,0.9963869859370678
1b8034523fc4ba1cb205dd612e37496f,Blekerijstraat 50,51.0596372,3.7323693,3,1,2024-04-18 00:29:30.454000+00:00,12081,50.0,14.0,50.0,8.384,7.3,8.426,2.0,2.0,0.9968687105078399,0.6012701316937218,0.9970364125694104
86933ae58845264c4df1d2380867bd48,Oude Houtlei 44,51.0529963,3.7167423,3,0,2024-04-18 00:29:31.154000+00:00,12121,50.0,16.0,50.0,8.466000000000001,7.1,8.66,2.0,2.0,0.9975743037678445,0.558559366616831,0.9977384422270918
48c3a40d383d13e41cf4d4f193d3b7fb,Hembysebolwerk,51.05695,3.7074666,6,0,2024-04-18 00:29:31.161000+00:00,23145,50.0,8.0,50.0,7.6380952380952385,0.0,7.957446808510638,2.0,2.0,0.7519290258068634,0.39325574963300214,0.9951717443567432
f7a6ee23fc0e844d63fd15d9b4175b92,Ottogracht 55,51.0588285,3.7267639,2,4,2024-04-18 00:29:30.479000+00:00,12124,50.0,19.0,50.0,8.344,7.3,8.522,2.0,2.0,0.9972997468246707,0.6271575025191816,0.9973459140905899
1ea7b39786ac4c6dc9d96572f92ce385,Ledebergplein 39,51.0374543,3.7412398,3,0,2024-04-18 00:29:30.480000+00:00,12088,46.0,3.0,50.0,7.766666666666667,0.0,7.422727272727273,2.0,2.0,0.8310655498763454,0.6879906601706274,0.8222822479416207
b06e8b3b970597d134c8e46daa306347,Artevelde Hogeschool Watersportbaan,51.0482402,3.7025284,1,2,2024-04-18 00:29:30.494000+00:00,23893,25.0,2.0,38.0,7.722222222222222,0.0,7.876470588235295,2.0,2.0,0.7233192055623603,0.6090967597812905,0.8470911774334239
63fd9646ea2067a76d5c3bbe85c60f0d,Kopenhagenstraat,51.0740496,3.7284415,3,0,2024-04-18 00:29:31.337000+00:00,21323,33.0,0.0,45.0,7.985714285714286,0.0,8.05625,2.0,2.0,0.6910592333012178,0.0,0.8261532041370562
b559c95a78c11f8c88120736ee3137cc,Campus Aula,51.0521984,3.7239713,6,0,2024-04-18 00:29:30.503000+00:00,22540,50.0,20.0,50.0,8.486,7.3,8.666,2.0,2.0,0.9977257302725359,0.6574422997822834,0.9977500372316661
afb911a0285187077bab05003f8e038e,Dukkeldamstraat,51.0780114,3.7300475,3,0,2024-04-18 00:29:31.220000+00:00,18457,16.0,0.0,19.0,7.233333333333333,0.0,7.625,2.0,1.0,0.5872864118095806,0.0,0.7327307122240424
36dda7b4926cb240dfa3a353945da2dd,Kajuitstraat,51.0731978,3.731295,2,1,2024-04-18 00:29:31.224000+00:00,18456,34.0,0.0,45.0,7.985714285714286,0.0,8.083333333333334,2.0,2.0,0.691508957634923,0.0,0.8160839677646555
d3ab81397ef1bc938d319bd75ea680c8,2de Gent-Sint-Pietersstation Noord,51.0370561,3.7102414,13,9,2024-04-18 00:29:30.520000+00:00,21444,39.0,9.0,50.0,6.55,8.0,7.415789473684211,2.0,2.0,0.906813128949216,0.8653193869084345,0.8594348233091504
5fa5584d4d8f8dce2071b928989eb476,Volderstraat b&b hotel,51.0522008,3.7222339,12,0,2024-04-18 00:29:30.526000+00:00,21333,50.0,21.0,50.0,8.488,7.599999999999999,8.677999999999999,2.0,2.0,0.9977266344701402,0.6836278044445608,0.9978176392996191
8d13d393ace4f1e7585cf637e2046c9b,Emile Moysonlaan,51.0479245,3.7475342,2,1,2024-04-18 00:29:30.528000+00:00,21330,48.0,4.0,50.0,8.19,0.0,7.408333333333334,2.0,2.0,0.790604197551698,0.9854716720209349,0.8461824777141885
b6ae4c0c1a89e82a6f20af66612af829,Brusselsesteenweg 316,51.0404691,3.7429901,6,0,2024-04-18 00:29:30.529000+00:00,13207,50.0,4.0,50.0,7.806666666666667,0.0,7.496,2.0,2.0,0.8324167153862216,0.9894528008850498,0.8339557581430972
ec41199bd91f06bd9c22c898898e2500,Moriaanstraat 70,51.0337461,3.7449185,2,1,2024-04-18 00:29:31.284000+00:00,13201,31.0,0.0,50.0,7.1,0.0,7.2,2.0,1.0,0.7346381029294684,0.0,0.7635306257047422
6e24e28ee6a13e80fd699b5274b459e8,Pannenkoekenhuis,51.052252,3.7232608,6,0,2024-04-18 00:29:30.548000+00:00,22539,50.0,21.0,50.0,8.488,7.3,8.677999999999999,2.0,2.0,0.9977266344701402,0.6574422997822834,0.9977653554028467
c79ad33e91a47217daba30120955cd8a,Lieven de Winnestraat 54,51.0490388,3.7142959,3,1,2024-04-18 00:29:30.577000+00:00,12198,50.0,13.0,50.0,8.328,8.2,8.476,2.0,2.0,0.9967569091334596,0.6899376103652959,0.9978293406803822
c78b3fa77fafe6a072047b34c934b394,Acaciapark,51.06047,3.698906,2,2,2024-04-18 00:29:30.553000+00:00,21538,50.0,2.0,50.0,8.15,6.5,7.404999999999999,2.0,2.0,0.6269595025849414,0.6199045805586878,0.7514021977320597
e96dc4d40ec649747b84ad88ce7452ac,Sparrestraat 23,51.0595685,3.6985802,3,0,2024-04-18 00:29:30.557000+00:00,21537,50.0,2.0,50.0,8.333333333333334,6.5,7.425,2.0,2.0,0.6391404803948685,0.6199045805586878,0.7788658702636002
06238d9c770ffff83eb825f2750b8c28,Meulesteedsesteenweg 146A,51.0760789,3.7304208,1,2,2024-04-18 00:29:31.135000+00:00,17067,20.0,0.0,24.0,7.625,0.0,8.033333333333333,2.0,1.5,0.6142423950411176,0.0,0.7425620649073912
15c1fe1e6905d3c2c75149c7fd8e9b1f,Gasmeterlaan 191,51.0673695,3.7227782,1,1,2024-04-18 00:29:31.136000+00:00,13181,50.0,5.0,50.0,7.9875,7.5,8.005555555555555,2.0,2.0,0.737050028721571,0.9983192562176882,0.9076570644426951
ca54282b0972fa7c46c9e0f7f1a0d8d1,Linnenstraat 127,51.0684514,3.691455,6,0,2024-04-18 00:29:30.568000+00:00,16628,29.0,1.0,42.0,8.9,6.5,7.373333333333333,2.0,2.0,0.647138374146331,0.9960693998255431,0.8257418979335664
d03c28fb2a0b6f1c59f713b00e78b298,SMAK - Stedelijk Museum voor Actuele Kunst,51.0382829,3.7231035,6,0,2024-04-18 00:29:30.581000+00:00,12050,50.0,17.0,50.0,7.8428571428571425,7.95,7.976,2.0,2.0,0.9068753058315427,0.8576976711351114,0.9949259089845328
739ceb4a3c815948b1a197efffb66085,Dronkey 2,51.0407704,3.7256633,12,3,2024-04-18 00:29:30.582000+00:00,12053,50.0,18.0,47.0,7.9375,7.949999999999999,8.08095238095238,2.0,2.0,0.9684033465948981,0.8576976711351114,0.9965575986322285
039374c72295ea6698c3626d478b85d0,Muinkkaai 119,51.0417154,3.7293423,10,2,2024-04-18 00:29:30.584000+00:00,12052,50.0,19.0,50.0,7.996,7.95,8.234,2.0,2.0,0.9844617364849051,0.8576976711351114,0.9963066187264643
7d770c78d187f3e02796b4e835f76809,Karel van Hulthemstraat 36,51.0441471,3.7230422,3,0,2024-04-18 00:29:30.585000+00:00,12054,50.0,18.0,50.0,8.28,7.949999999999999,8.5,2.0,2.0,0.9959615343701467,0.9134482228407085,0.9970592302618982
5ae9e5c04488fb16dd5963b238664aa5,STAM - Stadsmuseum Gent,51.0433045,3.7177672,24,0,2024-04-18 00:29:30.590000+00:00,12057,50.0,17.0,50.0,8.078000000000001,7.949999999999999,8.56,2.0,2.0,0.9769392911090782,0.9113608319004783,0.9966236197689509
15e9bcc8527d8e07220ea3e49bb774f3,Coupure Links 15,51.0466084,3.7194902,12,0,2024-04-18 00:29:30.591000+00:00,12056,50.0,15.0,50.0,8.246,7.949999999999999,8.324,2.0,2.0,0.9975030849094739,0.9906332810908052,0.9978251388209263
a5ccef3ac4c6523f8f7e124f2dbecccb,Gestichtstraat 3,51.0172252,3.7196675,6,0,2024-04-18 00:29:30.594000+00:00,16626,25.0,0.0,15.0,7.449999999999999,0.0,6.533333333333334,2.0,1.0,0.7758809942982362,0.0,0.8079440598016541
9ec306e6d7a56100f1a2a0770bcb1455,KASKCinema,51.045314,3.7145362,9,3,2024-04-18 00:29:30.598000+00:00,12058,50.0,11.0,50.0,7.897560975609756,7.949999999999999,8.106250000000001,2.0,2.0,0.9628334893517434,0.9921633991447354,0.9969396102376444
d9f901dfc763a6005c3a197242af2f83,Kiekenstraat 8,51.0642773,3.6979297,2,1,2024-04-18 00:29:30.604000+00:00,12192,50.0,1.0,50.0,8.15,6.5,7.482608695652174,2.0,2.0,0.6453525838776248,0.9960693998255431,0.7613758164372487
d8a61f7ed7a6fabd1b57d8af0030c2f6,Iepenstraat 2,51.0499168,3.7173279,2,2,2024-04-18 00:29:30.605000+00:00,12194,50.0,15.0,50.0,8.464,7.6499999999999995,8.696,2.0,2.0,0.9975079782141566,0.7179739977912435,0.9976245133289364
a20efc6130c6b5a9f7a227c73d427106,Brugsesteenweg 370,51.0685655,3.6850426,1,2,2024-04-18 00:29:30.608000+00:00,16588,22.0,0.0,28.0,7.75,0.0,7.33,2.0,1.0,0.6294046390655915,0.0,0.8148500465742705
1f7e478c3787e14b5f4ca1f1f831a3c1,Roodborstjesstraat,51.0811966,3.7048535,0,3,2024-04-18 00:29:30.975000+00:00,24255,11.0,0.0,26.0,0.0,0.0,7.76,2.0,2.0,0.6069825330298066,0.0,0.8396285242178058
f022ca854bd64064a98753391f68b1b6,Poel 15,51.0545287,3.7173127,12,0,2024-04-18 00:29:30.607000+00:00,12196,50.0,16.0,50.0,8.414,7.3,8.604,2.0,2.0,0.9972298576686595,0.5952060240835692,0.9977331234176542
37d89cc58470d6b3c7bd6f4644fce078,Van Den Heckestraat 7,51.0369233,3.7444712,2,0,2024-04-18 00:29:30.378000+00:00,16678,36.0,2.0,50.0,7.433333333333334,0.0,7.261904761904762,2.0,2.0,0.7475663545091794,0.9974150586132801,0.7994841818607322
0728885bea6c3898896362822e7f1591,Ekkergemstraat 34,51.0513956,3.7059044,3,0,2024-04-18 00:29:30.619000+00:00,16449,50.0,4.0,50.0,7.831578947368421,0.0,8.11025641025641,2.0,2.0,0.7067194647150181,0.7365841896616527,0.9871865625598366
14cb0473ca0b8a57edbdc25ae6679710,Sterre Hoofdingang,51.0265572,3.7141567,11,1,2024-04-18 00:29:30.621000+00:00,15560,19.0,0.0,43.0,5.8,0.0,7.08,2.0,1.0,0.8717932565474544,0.0,0.7914771138116249
6e81b69e9b5f71458f07d4ce5fa18fe0,Hector van Wittenberghestraat 55,51.059432,3.7123166,3,0,2024-04-18 00:29:30.629000+00:00,16692,50.0,10.0,50.0,7.795555555555556,7.1,8.202,2.0,2.0,0.9825094674807991,0.46869120815996546,0.9968908899431951
15c2c27d8a652ded0b756607b4577153,Papegaaistraat 59,51.0506871,3.7130943,3,0,2024-04-18 00:29:30.633000+00:00,16690,50.0,12.0,50.0,8.134,8.2,8.527999999999999,2.0,2.0,0.997043539774057,0.6565334482196171,0.997686956151735
ef142705ab7da9b328648e0f8e41fd8f,UGent Homes,51.0396756,3.7288916,14,2,2024-04-18 00:29:30.637000+00:00,16699,50.0,18.0,50.0,7.906382978723404,7.949999999999999,7.931914893617021,2.0,2.0,0.9680269876390868,0.8576976711351114,0.9953740718677531
7ea5cae4a25e429c7c341cb0e3dd2caf,Kouter 175,51.050446,3.7247839,6,6,2024-04-18 00:29:30.638000+00:00,16698,50.0,22.0,50.0,8.52,7.699999999999999,8.692,2.0,2.0,0.9975977597174648,0.7052984459958483,0.9976847222517712
67cf5356223b4cdd7d63037b97913d1b,Guldenvliesstraat 2-32,51.0590604,3.7075347,2,1,2024-04-18 00:29:30.640000+00:00,24241,50.0,8.0,50.0,7.764705882352941,6.5,7.989473684210527,2.0,2.0,0.6990048507542072,0.493724691331759,0.9781717688883949
daadc17d513fa4b17d65cc57eee230dc,Forelstraat 109,51.0487779,3.7430119,3,0,2024-04-18 00:29:30.657000+00:00,12373,48.0,3.0,49.0,7.953846153846153,0.0,7.681818181818182,2.0,2.0,0.8128906792170307,0.995808778163096,0.9439707195108115
a90475191431fa0504055cd3f9624f50,Gent-Sint-Pietersstation Noord,51.0360093,3.7119168,9,11,2024-04-18 00:29:30.653000+00:00,17180,40.0,9.0,50.0,6.55,8.0,7.463888888888889,2.0,2.0,0.9088826130132004,0.8653193869084345,0.8572623555943238
fa5ba459c6586ffe4fb656b209d50ae2,Johannes Schrantstraat,51.0538571,3.7016084,3,1,2024-04-18 00:29:30.655000+00:00,17268,50.0,1.0,50.0,8.0,0.0,7.81923076923077,2.0,2.0,0.6511480118290323,0.24373976129183245,0.8714171967746739
2b94135a7fddb4b8c6366f96b72b52be,Abrahamstraat,51.0572295,3.7172372,1,2,2024-04-18 00:29:30.537000+00:00,12063,50.0,19.0,50.0,8.412,7.3,8.594,2.0,2.0,0.9969805650703146,0.5952060240835692,0.9972442184541412
c4c341211dc9fccf3f8c01a8c633fa8f,Doornzelestraat 1,51.0639684,3.7295391,1,2,2024-04-18 00:29:30.658000+00:00,12377,50.0,11.0,50.0,8.0,7.3,8.244,2.0,2.0,0.9728164691615429,0.5384164308661149,0.9958209582367082
c14836fa30d12c4568d4603741542537,Groendreef 47,51.0620088,3.7031366,6,0,2024-04-18 00:29:30.661000+00:00,12400,50.0,1.0,50.0,8.15,6.5,7.463636363636363,2.0,2.0,0.6300094142927047,0.9960693998255431,0.7754495457736741
ee4b3a34e33c19ca79aad9878e2ea308,Bar Oswald,51.0678339,3.7281344,6,0,2024-04-18 00:29:30.664000+00:00,16967,50.0,4.0,50.0,8.123076923076923,7.5,8.003125,2.0,2.0,0.7562761332898592,0.9983192562176882,0.8674708928153523
fb0646bb18bbeb5dd4c1af0af9e498fe,Patijntjestraat 11,51.0390628,3.7087229,2,2,2024-04-18 00:29:30.667000+00:00,12177,42.0,5.0,50.0,6.841666666666666,8.0,7.547499999999999,2.0,1.5,0.9339214210291168,0.9361343956768717,0.8788470416781908
aac91dcfebcf4143913803e1df988857,Lobeliastraat,51.0632119,3.7000761,2,1,2024-04-18 00:29:30.672000+00:00,21263,50.0,1.0,50.0,8.15,6.5,7.42608695652174,2.0,2.0,0.5989016658511158,0.9960693998255431,0.8030852286024296
56c4f1d888b9261c4a9b3d19cbf3598e,Tolhuislaan 148,51.0648525,3.7266142,0,1,2024-04-18 00:29:31.364000+00:00,12388,50.0,11.0,50.0,7.968421052631579,7.3,8.138,2.0,2.0,0.9514283662744931,0.5384164308661149,0.9955498053315747
6aa5f68930b1c3216094398700ab6c57,Charlotte Despardstraat 30,51.060323,3.6892785,3,0,2024-04-18 00:29:30.681000+00:00,21776,34.0,0.0,44.0,8.9,0.0,7.66,2.0,2.0,0.6732587927518304,0.0,0.7818914414197525
df90f60cecf08c820f62a73ceb7ce8ea,Gatti De Gammondstraat 15,51.0601682,3.6903478,3,0,2024-04-18 00:29:30.688000+00:00,21775,35.0,0.0,44.0,8.9,0.0,7.58125,2.0,2.0,0.6554872384032225,0.0,0.7939087125548628
abeef1501296f809e1d4627dfbd34e66,Hubert Frere Orbanlaan,51.0464312,3.732826,3,0,2024-04-18 00:29:30.691000+00:00,18800,50.0,14.0,50.0,8.17,7.8,8.318,2.0,2.0,0.996334808416484,0.9905901396364771,0.9970484330787397
4c4db03e2ac6eb77f5da4ca584da33a0,Filips van Cleeflaan,51.0604647,3.7107695,6,0,2024-04-18 00:29:30.698000+00:00,19383,35.0,10.0,42.0,7.753571428571428,6.8,7.807894736842105,2.0,2.0,0.9475186234313311,0.5658122885773248,0.9964538104457364
ab63f92287505218ed77bb453e869afd,Antwerpsesteenweg 235,51.0614482,3.7485343,4,2,2024-04-18 00:29:30.701000+00:00,13159,36.0,2.0,50.0,7.220000000000001,5.3,7.356521739130434,2.0,1.0,0.7448510378770149,0.7160912601323319,0.7973876135565816
412fb0879206a060f7c1f89066f24059,Lentestraat 35,51.0352341,3.7303494,3,3,2024-04-18 00:29:30.702000+00:00,13395,50.0,15.0,50.0,7.692105263157895,7.866666666666667,7.636585365853659,2.0,2.0,0.9082063910814203,0.8273606058242146,0.9780892177095079
70fa8d4e4d0e315c7170f44cd57625b7,Filips van Marnixstraat 75,51.0402522,3.7189144,2,1,2024-04-18 00:29:30.703000+00:00,13396,50.0,16.0,50.0,7.734090909090909,7.949999999999999,8.28,2.0,2.0,0.9543022253898686,0.9033146820415718,0.9955036912537497
a15c6b46db35dd912a911523fd4dd250,Zwijnaardsesteenweg 99 ,51.0347921,3.7258515,5,0,2024-04-18 00:29:30.709000+00:00,13258,50.0,15.0,50.0,7.652500000000001,7.866666666666667,7.745833333333334,2.0,2.0,0.9022855456034721,0.8273606058242146,0.9914194838627322
24679ae65b0980fd9303ac53387c85a7,Neringstraat 2,51.0545013,3.7444318,5,1,2024-04-18 00:29:30.712000+00:00,13393,50.0,4.0,48.0,7.92,5.3,7.679310344827586,2.0,2.0,0.8393801749598189,0.7160912601323319,0.9056186720942162
2412de399716b248629d2578c30d0b70,Europalaan 93,51.0447751,3.7001235,3,0,2024-04-18 00:29:30.713000+00:00,13392,23.0,1.0,33.0,7.7125,0.0,7.70625,1.5,2.0,0.7629100802076463,0.9744537582707486,0.8217804182711741
5b47c24e954a6cf7049e5225843388cc,Krijgslaan 100,51.0334311,3.72049,2,1,2024-04-18 00:29:31.286000+00:00,13251,50.0,9.0,50.0,7.315625,7.9,7.740816326530613,2.0,2.0,0.8984222815564964,0.7439157252373962,0.9844383337233793
dd8907b6f546637904eae930c63f717b,Stropstraat 157,51.0327095,3.7304218,3,0,2024-04-18 00:29:30.723000+00:00,16663,50.0,11.0,50.0,7.493939393939394,7.9,7.443589743589744,2.0,2.0,0.8915298491585644,0.7801299157196653,0.9437529519392379
b18db117450a24de10ebdc07f8d60721,Sint-Juliaanstraat 28/32,51.0335332,3.7315122,6,0,2024-04-18 00:29:30.724000+00:00,16664,50.0,15.0,50.0,7.597368421052631,7.866666666666667,7.566666666666667,2.0,2.0,0.9234802565793673,0.8273606058242146,0.9703981128864114
fd9055f8ffc3d10246da2114b6aa2c39,Frans de Coninckstraat 5,51.0312427,3.7437784,0,6,2024-04-18 00:29:30.730000+00:00,16668,28.0,1.0,49.0,7.2,0.0,7.123076923076923,2.0,1.0,0.7551128727172013,0.3785662617279748,0.7536009996437532
f4d1bb12fd1aaf84e993bbaa9656af13,Koningin Fabiolalaan 76,51.0388912,3.701733,6,1,2024-04-18 00:29:30.733000+00:00,13283,28.0,1.0,50.0,6.671428571428572,0.0,7.510000000000001,2.0,1.0,0.9244943782154174,0.9744537582707486,0.8118559985532837
a653570f7f625a352b81e7548e6107a9,Marialand,51.0537828,3.7117455,2,0,2024-04-18 00:29:30.734000+00:00,13531,50.0,11.0,50.0,8.152000000000001,7.1,8.613999999999999,2.0,2.0,0.9967086143437653,0.6168539109205795,0.9974636193434462
6108dfa3fbde59260f4ed9e008e39d88,Vlaamsekaai 86,51.0449118,3.7429104,3,0,2024-04-18 00:29:30.742000+00:00,16712,50.0,6.0,50.0,7.728571428571429,0.0,7.617241379310345,2.0,1.0,0.8097006784854978,0.9894528008850498,0.9325227645043934
93af71fd89a2b5c3e8a5ba1aa2f29e2c,Sint-Widostraat,51.0579855,3.7193673,3,4,2024-04-18 00:29:30.753000+00:00,12005,50.0,19.0,50.0,8.406,7.3,8.566,2.0,2.0,0.9969109418547752,0.5952060240835692,0.9972854924153778
710e516a568381d753fc73954d75421c,Yachtdreef,51.0460194,3.7027896,5,1,2024-04-18 00:29:30.755000+00:00,12002,23.0,2.0,29.0,7.85,0.0,8.033333333333333,2.0,1.0,0.7213139810784753,0.6090967597812905,0.9413948045869412
24638b3101e7b7ff2adb4eab64b77760,Sint Niklaasstraat ,51.0525333,3.7229279,6,0,2024-04-18 00:29:30.756000+00:00,12003,50.0,21.0,50.0,8.476,7.3,8.644,2.0,2.0,0.9977221666702125,0.6574422997822834,0.9978548177775886
13088b02393576a563630e8eacb9458f,Strandlaan 26,51.0447825,3.6871504,18,5,2024-04-18 00:29:30.762000+00:00,12000,12.0,0.0,14.0,6.92,0.0,7.45,1.0,2.0,0.9090123357696704,0.0,0.8470145522626215
fb1e1c1a98357e8db2c8c39e4b37974b,3de Gent-Sint-Pietersstation Noord,51.0364314,3.7130812,5,5,2024-04-18 00:29:30.763000+00:00,23129,50.0,10.0,50.0,7.300000000000001,8.0,7.689361702127659,2.0,2.0,0.9578068953045551,0.8653193869084345,0.9463961342893006
48b6902234b2c85bcfd40df4593101a4,Sint-Annastraat 3,51.0472983,3.7337091,3,0,2024-04-18 00:29:30.790000+00:00,13324,49.0,13.0,47.0,8.009302325581395,7.8,8.151162790697674,2.0,2.0,0.9966326508902819,0.9905901396364771,0.9970884044974948
d11d22de75282c7c05798b62807a5a3c,Wasstraat 116,51.0560957,3.7444236,3,3,2024-04-18 00:29:30.792000+00:00,13325,50.0,4.0,50.0,7.935714285714285,5.3,7.870967741935484,2.0,2.0,0.8039417164861817,0.7160912601323319,0.909242867476544
75db5d57566cc06f7664b91d1ab56c51,Ommegangstraat 2,51.0425649,3.7366551,3,0,2024-04-18 00:29:30.804000+00:00,13322,50.0,10.0,50.0,7.946938775510204,7.8,8.052,2.0,2.0,0.9754219943407867,0.9933315426674894,0.9949491521817757
86467c41b30e470c56fb762eab15fac8,Sportstraat 212,51.0417894,3.7068596,1,2,2024-04-18 00:29:30.814000+00:00,13286,40.0,2.0,50.0,6.992307692307692,8.2,7.530952380952381,2.0,2.0,0.8997689767933157,0.9861538093313192,0.9216714358657958
ed8a2373c39ef8d3f79a878e073dfa61,Sterre Zuid,51.0240214,3.713336,10,2,2024-04-18 00:29:30.815000+00:00,15559,14.0,1.0,31.0,5.8,0.0,7.071428571428571,2.0,1.0,0.8471077541695374,0.42299959577048274,0.783934737841385
eaa6b245ee62c45784f77efbb12271ec,Sterre Noord,51.0262373,3.7128156,10,3,2024-04-18 00:29:30.828000+00:00,15558,18.0,0.0,40.0,5.8,0.0,7.1000000000000005,2.0,1.0,0.8717932565474544,0.0,0.7915455704395128
fdd045998e6d644711170bf8238e8f36,Gordunakaai 1,51.042648,3.7104159,1,2,2024-04-18 00:29:30.833000+00:00,12139,50.0,4.0,50.0,7.5520000000000005,8.0,7.788636363636363,2.0,2.0,0.9136267897793757,0.9923934376529158,0.9684378656681488
4566bdaafaefa59d531d3c37d3d9eec7,Meibloemstraat 120,51.0602159,3.6949114,3,0,2024-04-18 00:29:30.839000+00:00,12133,47.0,1.0,50.0,8.9,6.5,7.54,2.0,2.0,0.6195052044550348,0.9960693998255431,0.7628630879604335
65e05d4cbe334ce8c884fd37ed00b328,Kaarderijstraat 31,51.0553219,3.697488,5,2,2024-04-18 00:29:30.841000+00:00,12130,50.0,1.0,50.0,7.966666666666666,0.0,7.552631578947368,2.0,2.0,0.6282499107621973,0.24373976129183245,0.7659248953714201
7c74633c0a25be37e476016517c052ea,Haspelstraat 49,51.0585863,3.7022347,4,1,2024-04-18 00:29:30.861000+00:00,12131,50.0,2.0,50.0,7.92,6.5,7.664285714285714,2.0,2.0,0.6240565495819416,0.6199045805586878,0.8207127736527455
6a9fec262669a8655ed0199316c51c37,Fortlaan Citadelpark,51.0366249,3.7166989,4,2,2024-04-18 00:29:30.862000+00:00,12137,50.0,14.0,50.0,7.48918918918919,7.949999999999999,7.86,2.0,2.0,0.9456290024041019,0.8936190834154795,0.9865697402293471
16aa1ecb3616ddbb12d7c8c5d69cdca5,Voskenslaan 183,51.0302418,3.7060293,3,0,2024-04-18 00:29:30.864000+00:00,12135,26.0,0.0,50.0,5.92,0.0,7.453571428571428,2.0,1.5,0.9329997021466716,0.0,0.8192037210390827
3de3303cc39dc978396676413e161261,Ooievaarstraat 66,51.0581844,3.6986053,3,0,2024-04-18 00:29:30.835000+00:00,12132,50.0,1.0,50.0,7.92,0.0,7.45,2.0,2.0,0.6135647724613322,0.24373976129183245,0.7629707678233304
70a5262d46266753caed1fcf835814b5,P+R E17 Gentbrugge,51.0348576,3.7553025,11,1,2024-04-18 00:29:30.890000+00:00,23235,30.0,1.0,50.0,7.3,0.0,7.06875,2.0,1.0,0.8235260196682874,0.9751345658787737,0.7972154718866236
0837c7e59c8a9b0e26ea6b114e6fff3c,Edmond Van Beverenplein 7,51.0729727,3.7097549,3,0,2024-04-18 00:29:30.892000+00:00,13212,14.0,1.0,27.0,0.0,6.5,7.95,2.0,2.0,0.5262660539398195,0.9960693998255431,0.7505646802686353
16792b84fd889a2b1428e2659ff699bd,Welvaartstraat 1 ,51.0676195,3.70002,1,5,2024-04-18 00:29:30.901000+00:00,13215,40.0,1.0,50.0,8.9,6.5,7.640000000000001,2.0,2.0,0.6292394710368031,0.9960693998255431,0.7899140480394868
0858f39570fc54992ae282ddb6107b9c,Peerstraat 2,51.0591027,3.6923874,3,0,2024-04-18 00:29:30.902000+00:00,13216,44.0,0.0,50.0,8.9,0.0,7.54,2.0,2.0,0.6413110389370443,0.0,0.7754655098002863
30527cbb6b8450a98f14c30b9bcfdfd1,Gentbruggestraat 90,51.05023,3.7526381,2,1,2024-04-18 00:29:30.905000+00:00,13193,36.0,2.0,50.0,8.22,0.0,7.258823529411765,2.0,2.0,0.801125329260734,0.9854716720209349,0.8062142841946259
f45fe8b31cc637ae07751c634699aeed,Emiel Lossystraat 55h,51.0494013,3.7597954,1,2,2024-04-18 00:29:31.170000+00:00,13192,19.0,2.0,33.0,7.949999999999999,0.0,7.075,2.0,1.0,0.7881702599565117,0.9854716720209349,0.8051060000729436
f3e2c03768168f204f28e72844f796f3,Wolterslaan 160,51.0476303,3.7511836,0,3,2024-04-18 00:29:30.916000+00:00,13190,30.0,2.0,43.0,8.1,0.0,7.385714285714286,2.0,2.0,0.7822880107869336,0.9854716720209349,0.8223670563581049
25a130c9cfae8ee8b39a38d3c4698175,Kerkstraat 130,51.0440985,3.7494853,5,1,2024-04-18 00:29:30.917000+00:00,13196,46.0,2.0,50.0,7.722222222222222,0.0,7.3428571428571425,2.0,2.0,0.7812059858085802,0.9854716720209349,0.8230894836499797
7cad2bed83414886e94e9f3852750b02,Bassijnstraat 2,51.0455618,3.7477834,6,0,2024-04-18 00:29:30.918000+00:00,13195,46.0,3.0,50.0,7.977777777777778,0.0,7.326086956521739,2.0,2.0,0.760569763522365,0.9854716720209349,0.82882661744995
306d129bbe946a0cfdbeda0257d9f90f,Tramhalte Don Bosco,51.0231244,3.6989272,0,3,2024-04-18 00:29:30.919000+00:00,23834,5.0,1.0,19.0,0.0,0.0,7.7,2.0,1.0,0.6928979267280811,0.42299959577048274,0.7223532717769788
59cfef6dde0ede6816726679a3a0aaa2,Verkortingstraat 102,51.0646903,3.7521296,1,2,2024-04-18 00:29:30.920000+00:00,22292,29.0,2.0,37.0,5.4,5.3,7.1125,2.0,1.5,0.6054594387592281,0.7160912601323319,0.7245947953676716
ce7c8da008cd4743ef78d7cb694dd201,Az Sint Lucas ,51.0614386,3.7202492,1,2,2024-04-18 00:29:30.921000+00:00,23838,50.0,16.0,50.0,8.236,7.3,8.462,2.0,2.0,0.9968101504159308,0.5906910197221454,0.9967890879305576
f8f4d44802ae144e59808bccd285fa47,Jan van Gentstraat 36,51.056694,3.7355042,2,1,2024-04-18 00:29:30.923000+00:00,13267,50.0,12.0,50.0,8.267999999999999,7.3,8.386000000000001,2.0,2.0,0.9967878646043871,0.6973952017247127,0.9968938684764802
bbc2bc4378ed920e8034be8f3e905443,Oostendestraat 91,51.0351541,3.7151205,6,0,2024-04-18 00:29:30.928000+00:00,13260,50.0,9.0,50.0,7.3,8.0,7.764583333333333,2.0,2.0,0.9199396847009765,0.8471303250147154,0.972665787290173
07006d4c2648720f7ee0ee3baec5a1b0,Beemdstraat 5,51.0411883,3.7152769,0,3,2024-04-18 00:29:30.929000+00:00,13268,50.0,15.0,50.0,7.695555555555556,7.949999999999999,8.283999999999999,2.0,2.0,0.9807754824160161,0.9033146820415718,0.995120364657575
2c71223d86e73df9207c3fbe5b81a1d6,Sint-Pietersnieuwstraat 35,51.0465209,3.7270528,13,11,2024-04-18 00:29:30.930000+00:00,18654,50.0,17.0,50.0,8.216000000000001,8.0,8.306000000000001,2.0,2.0,0.9973574559070697,0.9916278140301075,0.9975404229517265
e8df6ff566c6126e4ce3f8c42528a1b5,Tweekerkenstraat,51.0426564,3.7274674,6,0,2024-04-18 00:29:30.931000+00:00,18657,50.0,19.0,50.0,8.068,7.95,8.394,2.0,2.0,0.9843710507839926,0.8576976711351114,0.9965080952279642
db7e28dfd241236f6d2e642c5c23106c,Keizervest 1,51.0419677,3.7397721,5,1,2024-04-18 00:29:30.932000+00:00,19923,50.0,10.0,50.0,7.910714285714286,7.8,7.616216216216216,2.0,2.0,0.8965867072314534,0.9938269897666107,0.9433149479820437
bcd66f162c4f4f4f704d85ebe9fac6bb,Laurent Delvaux straat 5,51.0421195,3.7197052,2,1,2024-04-18 00:29:30.933000+00:00,18302,50.0,17.0,50.0,8.012,7.949999999999999,8.408,2.0,2.0,0.9849136225347318,0.9033146820415718,0.9964847456545327
ea3fa0ae52bafccec22bf0737c4b4ca3,Kompasplein,51.0648827,3.7379278,4,2,2024-04-18 00:29:30.934000+00:00,18301,50.0,4.0,46.0,8.33,7.5,7.872413793103448,2.0,2.0,0.7871410690097795,0.9983192562176882,0.9384451651009104
b75a971f9e7074b0fdc889855fcb98e9,Jozef Plateaustraat 45,51.0461967,3.7250625,11,1,2024-04-18 00:29:30.934000+00:00,18659,50.0,19.0,50.0,8.222000000000001,7.949999999999999,8.26,2.0,2.0,0.9973638916664893,0.9649759057932472,0.9976981256515542
7386e354edbb081c386cfeb5f16a3345,Blandijnberg 2,51.0440229,3.7251746,9,3,2024-04-18 00:29:30.935000+00:00,18658,50.0,19.0,49.0,8.088888888888889,7.95,8.206818181818182,2.0,2.0,0.9965931429908729,0.9134482228407085,0.9972607045924554
50ea374a6308157d7116b3f28235a516,Muinkkaai 34,51.0449481,3.728668,2,1,2024-04-18 00:29:30.940000+00:00,12047,50.0,19.0,50.0,8.264,7.95,8.488,2.0,2.0,0.9961771057166564,0.9649759057932472,0.9972070399761718
94e5f5c27de40e0341b56899409c8a86,Martelaarslaan 406,51.0485769,3.7094228,3,1,2024-04-18 00:29:30.942000+00:00,16613,45.0,6.0,50.0,8.116,8.2,8.26590909090909,2.0,2.0,0.8636385798069627,0.8398857519732783,0.9958864327808863
79644c45b412cb483fcf7b922ad29f8a,Koolkapperstraat 18,51.0521476,3.7028285,3,1,2024-04-18 00:29:30.944000+00:00,16611,47.0,1.0,43.0,7.825,0.0,7.876190476190477,2.0,2.0,0.6404468990327872,0.24373976129183245,0.9601192629041915
2b4f9b13dd287d944a25e400eb144f1b,Portugalstraat 13,51.0579847,3.704422,3,1,2024-04-18 00:29:30.945000+00:00,16610,50.0,5.0,50.0,7.811111111111111,6.5,7.953846153846154,2.0,2.0,0.6361862540688893,0.5875656872965556,0.8640819734910538
512ca6395b9e7115aa29a336c64003d1,Artevelde Hogeschool Brusselsepoortstraat,51.0429092,3.73865,3,0,2024-04-18 00:29:30.955000+00:00,23901,50.0,11.0,50.0,7.96,7.8,7.912765957446808,2.0,2.0,0.9740000638257132,0.9938269897666107,0.9852191349488331
a0791ee328d28e17bd311521f529cccf,keizerkarelstraat 1 ,51.0534975,3.7314845,2,1,2024-04-18 00:29:30.958000+00:00,22599,50.0,16.0,50.0,8.522,7.3,8.664,2.0,2.0,0.9973736250877603,0.6500891565431994,0.9974822351764782
2ba7e8a05a2242ef8d66f88b8d1c70b4,Emanuel Hielstraat 30,51.0446084,3.7587073,0,3,2024-04-18 00:29:30.959000+00:00,12767,19.0,2.0,32.0,7.949999999999999,0.0,6.975,2.0,1.5,0.8214391001181535,0.9854716720209349,0.7526757702863484
8e76c111b7d9c76e7c39288abcb4e0b0,Dok Noord 2,51.0666684,3.7319924,5,2,2024-04-18 00:29:30.967000+00:00,18784,50.0,5.0,50.0,8.1,7.5,8.071428571428571,2.0,2.0,0.7862755522542964,0.705864519286003,0.865650330829947
65045dbf2f556e03b40428ee0470c28c,Corbiestraat 36,51.0331016,3.7238981,6,0,2024-04-18 00:29:30.968000+00:00,16476,50.0,10.0,50.0,7.545454545454546,7.9,7.65625,2.0,2.0,0.8618988681573516,0.778944581044979,0.9840356466608514
c9dba34e928ed1f54249921cc8d1056a,KASK,51.0455266,3.7186354,3,0,2024-04-18 00:29:30.969000+00:00,20840,50.0,16.0,50.0,8.116,7.949999999999999,8.16,2.0,2.0,0.9971894879050274,0.9626797757589941,0.9976771695423696
0c40c3cc2c1f83daedae3d976fbca863,Oude Houtlei 124,51.0512725,3.7169903,3,0,2024-04-18 00:29:30.970000+00:00,13400,50.0,14.0,50.0,8.47,7.6499999999999995,8.672,2.0,2.0,0.9976509478118417,0.692326021743293,0.9976723294257813
a31b051d36e31ae2d594bfd6226c2955,P+R Bourgoyen,51.0671332,3.682853,9,0,2024-04-18 00:29:30.971000+00:00,13404,21.0,0.0,25.0,7.75,0.0,7.33,2.0,1.0,0.6107101786336147,0.0,0.8107334587559253
d88b144ae017a2c6faf494cc5082d1b0,Verlorenkost 11,51.0464758,3.721487,3,3,2024-04-18 00:29:31.040000+00:00,12317,50.0,18.0,50.0,8.277999999999999,7.949999999999999,8.366,2.0,2.0,0.9974281428844968,0.9626797757589941,0.997843010020637
15a113cf10b673d93cfd871aeb3fb71a,Einde Were 50,51.0508322,3.7022726,2,5,2024-04-18 00:29:30.729000+00:00,12183,45.0,2.0,38.0,7.771428571428571,0.0,7.852941176470588,2.0,2.0,0.6273050390400613,0.6090967597812905,0.9596555893595444
623402d635eed864e0856d173bc1cf8a,Kasteellaan 487,51.0557261,3.738719,2,1,2024-04-18 00:29:30.559000+00:00,16687,50.0,10.0,47.0,7.923076923076923,7.5,7.9512820512820515,2.0,2.0,0.9822557070825266,0.6372066676595111,0.9963479583240726
8f6782b3e83e3fbef4623c4dee0db8fc,KAA Gent Stadion,51.0147138,3.7343618,15,1,2024-04-18 00:29:30.984000+00:00,15995,38.0,0.0,21.0,6.75,0.0,6.771428571428571,2.0,2.0,0.7542008531945344,0.0,0.7370346041742016
562aebeda4804551ed6ae565c87ebcc2,Ankerslaan 19,51.0384054,3.7498162,1,2,2024-04-18 00:29:30.989000+00:00,13199,40.0,2.0,50.0,7.1,0.0,7.043478260869565,2.0,2.0,0.7706588694739893,0.9854716720209349,0.8001591919664702
b3806cc7b78103eafb3703ac87c54701,Victor Braeckmanlaan 180,51.0601714,3.7607947,4,8,2024-04-18 00:29:30.990000+00:00,12437,22.0,3.0,34.0,5.4,5.3,7.044444444444444,2.0,1.0,0.7290220245989026,0.7160912601323319,0.7377168005824687
07778ce00e2fd874c3c70a88af7bf3fd,Vliegtuiglaan 10,51.0739085,3.7390308,5,1,2024-04-18 00:29:30.991000+00:00,12435,30.0,0.0,31.0,7.5,0.0,7.885714285714286,2.0,2.0,0.6101494585451992,0.0,0.7800568989868076
b319674709b72867b2f9a81d8cd5ee5d,Spiegelhofstraat,51.0527507,3.7040082,3,0,2024-04-18 00:29:30.994000+00:00,21264,50.0,2.0,50.0,7.825,0.0,7.87037037037037,2.0,2.0,0.6954862455587941,0.6176494053571049,0.8978963348843995
3a6b39595384c58f2d3dfd92496b0d7a,Beukelaarstraat,51.0612925,3.7024551,3,0,2024-04-18 00:29:31+00:00,21262,50.0,2.0,50.0,8.15,6.5,7.631578947368421,2.0,2.0,0.6195793885496671,0.6199045805586878,0.7403051400974405
aefadb9d06838462248e19a824090da5,Gaston Crommenlaan 8,51.0363702,3.7357186,6,1,2024-04-18 00:29:31.004000+00:00,12438,50.0,13.0,50.0,7.7270270270270265,7.8,7.552380952380952,2.0,2.0,0.9073631470331681,0.7784256172098437,0.9909796715103292
df3c7a232a1a1cec510be8a13e4b4fa4,Martelaarslaan 12,51.0494639,3.7051365,3,0,2024-04-18 00:29:31.008000+00:00,13318,44.0,2.0,42.0,7.816666666666666,0.0,7.985000000000001,2.0,2.0,0.7028995557839461,0.6090967597812905,0.9837358629173858
aefe3eb74b7f6859882c62478418702f,Bijlokevest 79,51.0476964,3.7123697,6,0,2024-04-18 00:29:31.009000+00:00,13315,50.0,7.0,50.0,7.944444444444445,8.2,8.324,2.0,2.0,0.8960095632193689,0.8398857519732783,0.9968277556751697
01a6766ca7d27d30daa6b6d3fd661680,Hofstraat 26,51.045921,3.7298503,3,0,2024-04-18 00:29:31.010000+00:00,13314,50.0,17.0,50.0,8.236,8.0,8.54,2.0,2.0,0.9966024509073889,0.9916278140301075,0.9973465523477225
ad6077e6c5f37838587c57e61b93f6d6,Sint-Denijslaan 431,51.0359502,3.6954795,1,4,2024-04-18 00:29:31.017000+00:00,12142,9.0,0.0,20.0,0.0,0.0,7.816666666666666,1.5,1.5,0.9243501934526976,0.0,0.7006001576607093
44d8b70f1bf65c2a5302b8074964e003,Koningin Fabiolalaan 29,51.0377762,3.7064453,6,0,2024-04-18 00:29:31.020000+00:00,12141,35.0,2.0,50.0,6.55,7.7,7.484999999999999,2.0,2.0,0.9319290457523988,0.9863253409356849,0.8977016360657831
94e402c93dfb7cbddef2793241e2d4d7,Reigerstraat 50,51.0339931,3.7089561,3,0,2024-04-18 00:29:31.024000+00:00,12140,33.0,2.0,50.0,6.262499999999999,7.9,7.5055555555555555,2.0,2.0,0.9322914672113127,0.9986330659745123,0.854489660234453
50ea990cfdc81a1f6ab2a9efa48df647,Kunstlaan 1,51.0412335,3.7252314,7,5,2024-04-18 00:29:31.025000+00:00,12147,50.0,18.0,50.0,7.940816326530613,7.95,8.110204081632652,2.0,2.0,0.9836538093313193,0.8576976711351114,0.9963611365232006
110873bf105faf68bd53a107f3ab3854,Lange Violettestraat 227a,51.0454271,3.7351025,3,0,2024-04-18 00:29:31.028000+00:00,12146,50.0,11.0,50.0,7.984,7.8,8.288,2.0,2.0,0.9958128204582687,0.9933315426674894,0.9963641682445801
fc0d36e5fbe5faccf10c2981100cda49,Charles de Kerchovelaan 4b,51.0416931,3.719268,5,0,2024-04-18 00:29:31.035000+00:00,12149,50.0,16.0,50.0,7.93061224489796,7.949999999999999,8.424,2.0,2.0,0.984072825138821,0.9033146820415718,0.9963249154309299
5310a0886a2d1ac8cf169d8e5b183896,Waldamkaai 13,51.0566811,3.7085281,4,2,2024-04-18 00:29:31.064000+00:00,13389,50.0,8.0,50.0,7.8088235294117645,0.0,8.272,2.0,2.0,0.8622181562878966,0.39325574963300214,0.9964417696742761
aa6d9edc68da484de646e48b7354db61,P+R Gentbrugge,51.0324413,3.7590644,9,3,2024-04-18 00:29:30.971000+00:00,13387,17.0,0.0,25.0,6.5,0.0,6.7700000000000005,2.0,1.0,0.8094876922749611,0.0,0.8701463064507641
c207f7a3f9f25cdbf91b0dda512ac067,Leo Tertzweillaan 42,51.0427279,3.7520773,0,3,2024-04-18 00:29:31.048000+00:00,12313,40.0,2.0,50.0,7.6000000000000005,0.0,7.209999999999999,2.0,2.0,0.7895574508702143,0.9854716720209349,0.7951763185328596
0c07c4116c86821583827c3b1ce46dfc,Vincent Evrardlaan 8,51.0449175,3.753857,1,2,2024-04-18 00:29:31.053000+00:00,12311,29.0,2.0,50.0,8.266666666666667,0.0,7.19375,2.0,1.0,0.8021804631765117,0.9854716720209349,0.7724451630746973
38b7229e2a9b7dcd954c5003bfb56e63,Koningin Astridpark,51.050248,3.7379477,3,0,2024-04-18 00:29:31.058000+00:00,12070,50.0,6.0,50.0,8.077777777777778,0.0,7.942857142857143,2.0,2.0,0.9454124204837988,0.9844837031678829,0.9960918452013701
65f322c4c27c55b7bbd5cac5ce8ca6f4,Druifstraat 6,51.0626144,3.6932442,3,0,2024-04-18 00:29:31.036000+00:00,13226,41.0,1.0,50.0,8.9,6.5,7.5470588235294125,2.0,2.0,0.6616087574957222,0.9960693998255431,0.7890234110866189
ec75583be1d60c05006c7b52b3aa170c,Zwijnaarde Overdekt,51.0124254,3.7077672,8,2,2024-04-18 00:29:31.065000+00:00,15639,4.0,1.0,10.0,0.0,0.0,6.916666666666667,1.5,1.0,0.6825574963300215,0.42299959577048274,0.8792317038865132
514b25abca3bb965234ef90ca1292772,Station Gentbrugge,51.0383084,3.7567656,9,3,2024-04-18 00:29:31.066000+00:00,19356,30.0,2.0,50.0,8.35,0.0,6.96875,2.0,2.0,0.85004539668543,0.9854716720209349,0.76260588057242
0d9b2c4835426455a696e34fda8d1bc7,Duifhuisstraat 73 ,51.0398793,3.7027029,3,0,2024-04-18 00:29:31.067000+00:00,16655,28.0,1.0,50.0,6.5375,0.0,7.529411764705882,2.0,2.0,0.922796867303069,0.9744537582707486,0.8623008105865583
26635f05b6e0328057285ea43d844363,Kortrijksesteenweg 600,51.0312383,3.7132221,3,0,2024-04-18 00:29:31.068000+00:00,16653,33.0,5.0,50.0,5.857142857142857,7.9,7.508108108108108,2.0,2.0,0.8948725304424632,0.8169856179392806,0.8609126013233198
d57f85f8bc129834a1a0829c7dfe107d,Diksmuidestraat 52,51.0312607,3.7226933,3,0,2024-04-18 00:29:31.072000+00:00,16651,50.0,9.0,50.0,7.373684210526315,7.9,7.491891891891892,2.0,2.0,0.8447755994298237,0.7439157252373962,0.9114015594749272
a55c54328f1d8edefac571516cfefcb1,Krijgslaan 163,51.0315026,3.7204142,3,0,2024-04-18 00:29:31.074000+00:00,16650,50.0,9.0,50.0,7.152941176470588,7.9,7.479545454545455,2.0,2.0,0.8569045060953556,0.7439157252373962,0.930622673020871
ba76f73ab1d040c634b7b319b6e784d6,Justus De Harduwijnlaan 3,51.066559,3.7285682,5,1,2024-04-18 00:29:31.080000+00:00,19280,50.0,7.0,50.0,8.023809523809524,7.5,8.013953488372094,2.0,2.0,0.7953889645341786,0.5759836251586777,0.9407528242878114
da96a0ccc3dbd1dbd8e64afb2dd19eea,Victor Frisstraat 57,51.0630107,3.7074887,0,3,2024-04-18 00:29:31.075000+00:00,16089,50.0,4.0,50.0,7.5,6.5,7.4523809523809526,2.0,1.0,0.6442301023338937,0.5675098752561893,0.7287188583707424
256b6464a04ba858d8a5122607eba8c0,Emilius Seghersplein,51.0595563,3.7035818,2,2,2024-04-18 00:29:31.085000+00:00,21828,50.0,2.0,50.0,7.92,6.5,7.757692307692308,2.0,2.0,0.636607556964449,0.6199045805586878,0.7651975405825161
ec9c2c511ecffd213d860256b92c76b9,Het Rustpunt,51.0562604,3.716088,6,0,2024-04-18 00:29:31.086000+00:00,15085,50.0,18.0,50.0,8.378,7.3,8.59,2.0,2.0,0.9970687509307916,0.5952060240835692,0.9973328830074677
a4bac6da7fe741fd8dbe2e97f988420e,Filips van Arteveldestraat,51.0505419,3.7349825,11,1,2024-04-18 00:29:31.100000+00:00,12033,50.0,8.0,50.0,8.32,0.0,8.372,2.0,2.0,0.9968522753866774,0.8601199657468672,0.9972316128757739
37f6c13ef321ee815c8b8df619fe3374,StudioSkoop,51.0489671,3.7338274,6,0,2024-04-18 00:29:31.101000+00:00,12032,50.0,14.0,50.0,8.148979591836735,7.8,8.087755102040816,2.0,2.0,0.9971690636767866,0.9176044234258603,0.9973328298193732
815f23bfec6e706679694ddbba4fed81,Woodrow Wilsonplein,51.0483397,3.7309618,3,13,2024-04-18 00:29:31.102000+00:00,12031,50.0,13.0,50.0,8.427999999999999,7.8,8.568,2.0,2.0,0.9976521179499181,0.9905901396364771,0.9974004318873263
974449cb078b918a03db31a8b8cb0491,Pieter de Keyserestraat,51.0538131,3.7335358,0,3,2024-04-18 00:29:31.103000+00:00,12030,50.0,15.0,50.0,8.456,7.3,8.526,2.0,2.0,0.9973678275854732,0.6500891565431994,0.9975801544582261
5e36f41e1252297e4f8dac3fce41be46,Kraanlei 71,51.0576098,3.7237438,5,3,2024-04-18 00:29:31.104000+00:00,12037,50.0,18.0,50.0,8.33,7.3,8.524,2.0,2.0,0.9974121864561836,0.6271575025191816,0.9977113162989596
a1ff1716121a13a32a4ee6a3875e4c7a,Sint-Michielsplein 16,51.0538692,3.7189684,10,0,2024-04-18 00:29:31.105000+00:00,12034,50.0,19.0,50.0,8.476,7.3,8.606,2.0,2.0,0.9973319256217689,0.5952060240835692,0.9977221134821181
aee9ffe217c6051ab73fb6ad6d68d269,P+R Ledeberg,51.0365714,3.7386892,11,1,2024-04-18 00:29:31.106000+00:00,23130,50.0,4.0,50.0,7.680000000000001,0.0,7.54,2.0,2.0,0.8739705976214285,0.6879906601706274,0.8953643384464821
edb7c7d5b26b1e3a1754590e80c0a095,Pijndersstraat 36,51.0581783,3.7362448,2,1,2024-04-18 00:29:31.107000+00:00,13299,50.0,11.0,50.0,8.024,7.3,8.124,2.0,2.0,0.9962834287173159,0.6973952017247127,0.9964328872625151
3d957a8133c0864d7d1f882a86c9462e,Zwijnaarde West,51.0103657,3.7077314,4,1,2024-04-18 00:29:31.108000+00:00,15544,8.0,1.0,16.0,6.75,0.0,6.722222222222222,2.0,1.0,0.7426311219496629,0.42299959577048274,0.7955591487068201
8b5152dee25a712e95c1d5166106da0f,Franklin Rooseveltlaan 457,51.0432014,3.7325584,2,1,2024-04-18 00:29:31.120000+00:00,12109,50.0,15.0,50.0,8.062000000000001,7.949999999999999,8.214,2.0,2.0,0.9956114503329574,0.8660662997194708,0.9964894262068378
e1cea084c97551ce01b10b7cf34dc873,Hospitaalbrug,51.0469277,3.7186038,0,3,2024-04-18 00:29:31.122000+00:00,22609,50.0,15.0,50.0,8.224,7.949999999999999,8.318,2.0,2.0,0.9974105908133524,0.9907258579239624,0.9978981660745059
0ddca27a22db612b3fb0ac4cf3b2bd04,Studentenhuis,51.0474323,3.7222758,3,0,2024-04-18 00:29:31.123000+00:00,22608,50.0,13.0,50.0,8.398,8.0,8.504,2.0,2.0,0.9974058038848583,0.99079124128855,0.9978098206497458
5617ccab3a3e186849269a726d3a0a5b,Savaanstraat 47,51.0489781,3.726748,5,1,2024-04-18 00:29:31.124000+00:00,22603,50.0,17.0,50.0,8.55,7.699999999999999,8.604,2.0,2.0,0.9975696764036338,0.8273919277020143,0.9978710933344681
21427543e2b9bc804d0371739e92659f,Sint-Jansvest,51.0500002,3.7277666,2,1,2024-04-18 00:29:31.125000+00:00,22602,50.0,19.0,50.0,8.546,7.449999999999999,8.62,2.0,2.0,0.9975886645533264,0.7427149234188146,0.9978070548688381
5c124b877f162f6abd5bd7b8819b8678,Blauw Kotje,51.0311431,3.7137303,2,1,2024-04-18 00:29:31.134000+00:00,21707,36.0,5.0,50.0,5.857142857142857,7.9,7.460975609756097,2.0,2.0,0.8965610028760252,0.8169856179392806,0.8739938408186712
dbe6c36eb9d292b2399cc7334d9e7267,Heernisplein 23a,51.0525989,3.7481826,6,0,2024-04-18 00:29:30.561000+00:00,13180,48.0,5.0,50.0,7.766666666666666,5.3,7.447619047619048,2.0,2.0,0.7623693861203318,0.8093304328092533,0.8203351381826692
6cae528f05baf1a1d34d5a3991ff68ac,Adriaan Pietersstraat 1,51.0713864,3.6864705,0,2,2024-04-18 00:29:30.566000+00:00,17066,19.0,2.0,29.0,7.75,0.0,7.177777777777777,2.0,1.0,0.6260373242759223,0.8137725251579686,0.8043054875929906
a94ed61c374220ece6493538e63a6b10,Kerkstraat 109,51.0445745,3.7535088,1,2,2024-04-18 00:29:31.141000+00:00,23635,30.0,2.0,50.0,8.266666666666667,0.0,7.24375,2.0,2.0,0.8021804631765117,0.9854716720209349,0.771807916515967
d975bc04543358b601cee55edfabb198,Anjelierstraat,51.0725219,3.7126014,3,1,2024-04-18 00:29:31.142000+00:00,21317,15.0,1.0,30.0,0.0,6.5,8.049999999999999,2.0,2.0,0.5159359713537106,0.9960693998255431,0.7606734715908599
eb6368c03bcb93942294412d0e5ca27f,Hoveniersstraat 15,51.0373771,3.7426545,5,1,2024-04-18 00:29:30.439000+00:00,12086,40.0,3.0,50.0,7.566666666666666,0.0,7.3428571428571425,2.0,2.0,0.8123676170556314,0.6879906601706274,0.8156947960768461
af788d150baa69a07920ac23ad6b7526,Neerscheldestraat 33,51.0429103,3.7435828,3,0,2024-04-18 00:29:31.147000+00:00,12214,50.0,5.0,50.0,7.91875,0.0,7.416666666666667,2.0,2.0,0.8267394845191551,0.9894528008850498,0.8866175031380976
93eae9fcfce9a2029372682052ab51c3,Kattenberg 2,51.0429065,3.7234729,2,1,2024-04-18 00:29:31.152000+00:00,12351,50.0,18.0,50.0,8.158,7.949999999999999,8.456,2.0,2.0,0.988228357764398,0.9134482228407084,0.9968632853222136
5ed06b9293e8370e456adc02d89e1a97,P+R The Loop tramhalte,51.025282,3.6929063,8,4,2024-04-18 00:29:31.153000+00:00,11999,4.0,0.0,15.0,0.0,0.0,6.8999999999999995,2.0,1.5,0.5977065293704658,0.0,0.7420352728245309
d63afda1febe9be461d266ef84f271c6,Coupure Links Einde,51.0559268,3.708326,3,0,2024-04-18 00:29:31.305000+00:00,23144,43.0,8.0,50.0,7.753125,0.0,8.1,2.0,2.0,0.9542734354342124,0.39325574963300214,0.9968996659787673
2e473d24c0be215bec2cb51d9755a574,Forelstraat 57,51.0478695,3.7412392,3,0,2024-04-18 00:29:31.163000+00:00,13328,50.0,4.0,50.0,7.984999999999999,0.0,7.786046511627907,2.0,2.0,0.848891932429845,0.9966119183881881,0.9642272833648916
0cc9f42765b9b45dfb5aec45dbe3814f,Gelukstraat 27,51.0587906,3.7285286,2,1,2024-04-18 00:29:31.163000+00:00,12125,50.0,19.0,50.0,8.336,7.3,8.474,2.0,2.0,0.9973635193498288,0.6271575025191816,0.9975359019637043
a9cc7aa966708420f4d8360a435eb38f,Nieuwevaart,51.065956,3.7091989,3,0,2024-04-18 00:29:31.169000+00:00,22216,50.0,2.0,50.0,7.933333333333334,6.5,7.5125,2.0,1.0,0.6237946802154473,0.9960693998255431,0.7010693998255431
3439a45af8811fd1c65c7e67d2614816,Meersstraat 102,51.0403183,3.7138052,0,3,2024-04-18 00:29:31.171000+00:00,13273,50.0,14.0,50.0,7.6325,7.949999999999999,7.920408163265306,2.0,2.0,0.9728597110822713,0.8936190834154795,0.9951421185881751
56786b46a0dfa1a1fc86f743f7af79ab,Visserij 167,51.0449532,3.738983,2,1,2024-04-18 00:29:30.964000+00:00,22219,50.0,11.0,50.0,8.029032258064516,7.8,7.835714285714286,2.0,2.0,0.9008484032934068,0.9938269897666107,0.9948899006446398
4326dca702aa6708071d3c0c6886ffa6,Forelstraat 147,51.049713,3.7445566,1,2,2024-04-18 00:29:31.174000+00:00,13177,50.0,3.0,50.0,7.861538461538462,0.0,7.73103448275862,2.0,2.0,0.8052320064676722,0.995808778163096,0.8872300704210369
3cb295a739ceb52f19ee874cdb27933a,Fietssnelweg,51.0761568,3.7153936,3,3,2024-04-18 00:29:31.180000+00:00,16604,10.0,0.0,20.0,0.0,0.0,8.0,2.0,2.0,0.5162901836053018,0.0,0.8365774804967656
eaab0ad463ec9dae8cf7a36a5c45a149,Kapitein Zeppos,51.0716931,3.7351387,11,1,2024-04-18 00:29:30.488000+00:00,20520,38.0,0.0,50.0,8.155555555555557,0.0,8.131578947368421,2.0,2.0,0.6878090147695279,0.0,0.785162709633621
0baa632a28ce8448d8823328c5c84d32,Nadine Crappéstraat 12,51.0543356,3.6902522,5,2,2024-04-18 00:29:31.181000+00:00,16607,28.0,0.0,23.0,7.82,0.0,7.914285714285714,2.0,1.5,0.8170055519120425,0.0,0.8354737369704812
8402f061ccbc21621e6130d54f0f2712,Dronkey,51.0391223,3.7261586,10,5,2024-04-18 00:29:31.184000+00:00,18459,50.0,18.0,45.0,7.965217391304347,7.949999999999999,8.076315789473684,2.0,2.0,0.9619439716613833,0.8576976711351114,0.9955990988754855
f440e1272c1b2ea52500da60f3615eba,Braemstraat 67,51.0340321,3.7636184,2,1,2024-04-18 00:29:31.193000+00:00,19791,15.0,0.0,25.0,6.5,0.0,6.833333333333333,2.0,1.0,0.7648969879582155,0.0,0.8308763388625313
7b0aba1a39b4eaeee1b575998d5cab9b,Dok-Noord 5,51.0661776,3.7340293,12,0,2024-04-18 00:29:31.195000+00:00,12078,49.0,5.0,46.0,7.8533333333333335,7.5,8.039285714285715,2.0,2.0,0.7933463973424189,0.705864519286003,0.9142581989447482
ac633e35f5cafd1e0b1970c3720fff9b,Neuseplein,51.0670694,3.727598,3,0,2024-04-18 00:29:31.200000+00:00,12077,50.0,7.0,50.0,8.052631578947368,7.5,8.02051282051282,2.0,2.0,0.7636534902027531,0.5759836251586777,0.9047523030444866
68f2c23c20a21eeaf3578b9dedad5ec9,Dok-Noord 31,51.0700658,3.7303195,1,2,2024-04-18 00:29:31.201000+00:00,12075,44.0,1.0,35.0,8.155555555555557,0.0,8.047058823529412,2.0,2.0,0.7363981246437797,0.0,0.8068728282957917
2d4da9415d0cdf0f996765ddd637942f,P+R Muide,51.0734858,3.7338635,6,1,2024-04-18 00:29:31.202000+00:00,12074,29.0,0.0,39.0,7.985714285714286,0.0,8.026666666666667,2.0,2.0,0.6739020589805091,0.0,0.8165049852887989
fa0ea19a46d07dc05e0e3b6bc73334fa,Lucas Munichstraat 29,51.0555557,3.7361641,3,0,2024-04-18 00:29:31.203000+00:00,12071,50.0,11.0,50.0,8.282,7.3,8.277999999999999,2.0,2.0,0.9967142522817692,0.6973952017247127,0.9968356275131375
af101cd3cbdf20a3e08cda919d30ad83,Artevelde Hogeschool Willem de Beersteeg,51.0600869,3.7274059,6,0,2024-04-18 00:29:30.496000+00:00,23894,50.0,17.0,50.0,8.322000000000001,7.3,8.326,2.0,2.0,0.9974448971342256,0.5906910197221454,0.997781630959726
e25f736ffe1c4dc0ff0db3d55cffcda6,Center Parking,51.0509608,3.722596,1,2,2024-04-18 00:29:31.211000+00:00,22584,50.0,18.0,50.0,8.54,7.6499999999999995,8.686,2.0,2.0,0.9975254770972066,0.6574035167968002,0.9977161032274536
66f2a4f6246b00ef6791fba77ef6629d,Korte Meer,51.0504691,3.722482,6,0,2024-04-18 00:29:31.214000+00:00,22583,50.0,19.0,50.0,8.527999999999999,7.699999999999999,8.68,2.0,2.0,0.9975635597727804,0.6834661944654924,0.9977647171457141
ae89b64f9baa4ea2adbfb397a27fb1e5,Voldersstraat,51.0522187,3.7248078,7,1,2024-04-18 00:29:30.505000+00:00,22541,50.0,20.0,50.0,8.498,7.3,8.672,2.0,2.0,0.9976190881433099,0.6574422997822834,0.9977343999319193
4a66d92176430f0d571163aca6280881,Gouvernementstraat,51.0522882,3.7271215,3,1,2024-04-18 00:29:30.508000+00:00,22544,50.0,20.0,50.0,8.498,7.3,8.68,2.0,2.0,0.9975668042465375,0.6574422997822834,0.9976778077995021
c5ee62578f6ad43926b0662b07ecaf80,Limburgstraat,51.0520591,3.7278779,3,0,2024-04-18 00:29:30.510000+00:00,22545,50.0,20.0,50.0,8.498,7.3,8.693999999999999,2.0,2.0,0.9975432419207284,0.6574422997822834,0.9975879731080995
dcc6a52302d418aff87a854637b1a742,Lange Boomgaardstraat 29,51.0513088,3.7315707,2,1,2024-04-18 00:29:31.225000+00:00,22231,50.0,16.0,50.0,8.514,7.3,8.63,2.0,2.0,0.9974900538263515,0.6879209246691109,0.9976485011595004
4b2f719acc84ea16781b5712b303d345,Hogeschool Gent,51.0283331,3.7062271,8,0,2024-04-18 00:29:31.226000+00:00,20616,12.0,0.0,36.0,0.0,0.0,7.3933333333333335,2.0,1.0,0.9096442868894893,0.0,0.7578521417515903
c3f5da8502167ef82c2faf46ae594be8,Sint-Elisabethplein 3,51.0566867,3.713966,4,2,2024-04-18 00:29:31.232000+00:00,12423,50.0,14.0,50.0,8.362,7.1,8.597999999999999,2.0,2.0,0.9969185477522712,0.5664462906622981,0.9972961832223476
2977b85d6a3a572ce86d1376fc62048f,Campus Ledeganck,51.0366069,3.7245323,7,5,2024-04-18 00:29:31.233000+00:00,12425,50.0,17.0,50.0,7.7285714285714295,7.949999999999999,7.822,2.0,2.0,0.9205322000723357,0.8576976711351114,0.9868919537050825
149e7a50ec80ce4e5addbe875df7c0ff,Citadellaan 8,51.0383748,3.7267299,2,2,2024-04-18 00:29:31.234000+00:00,12426,50.0,17.0,50.0,7.843902439024391,7.949999999999999,7.954166666666667,2.0,2.0,0.9070627406761271,0.8576976711351114,0.9946699146862966
d0bc86cac905d5f0f40d05254358e47c,De Pintelaan 28,51.0298803,3.728336,6,1,2024-04-18 00:29:31.236000+00:00,12428,24.0,7.0,46.0,7.4750000000000005,0.0,7.385714285714285,2.0,2.0,0.7287549464927771,0.6165570548688382,0.8483245008111804
f2028fea399d2c597a2ef46e0d7b84dd,Coyendanspark,51.0528738,3.735729,6,1,2024-04-18 00:29:31.238000+00:00,9496,50.0,11.0,50.0,8.324,7.5,8.224,2.0,2.0,0.9969141863285322,0.6372066676595111,0.9974012828968364
35105e66f545c859bab1caff9de2202f,Huidevetterskaai 39/40,51.0609376,3.7277436,3,0,2024-04-18 00:29:31.239000+00:00,13309,50.0,17.0,50.0,8.374,7.3,8.42,2.0,2.0,0.9968560517413781,0.5906910197221454,0.9971827862051359
afe517dbda3ea5bc95455bfde8304743,Hoogstraat 71,51.0552526,3.7125234,2,1,2024-04-18 00:29:31.248000+00:00,13306,50.0,11.0,50.0,8.274,7.1,8.622,2.0,2.0,0.9965188924111227,0.6168539109205795,0.9973520307214433
b0ed6af36d600a9d41330fe7b002317d,Pekelharing 2,51.0490068,3.7194917,3,0,2024-04-18 00:29:31.249000+00:00,13305,50.0,18.0,50.0,8.498,7.699999999999999,8.656,2.0,2.0,0.9975902070080633,0.7423830216511003,0.9978512009871711
ad235479bd7b1c1e19a11b9a58ec49f3,Networks Gent,51.0288152,3.6939096,6,0,2024-04-18 00:29:31.250000+00:00,21185,7.0,0.0,18.0,0.0,0.0,7.4,2.0,1.0,0.790715043011439,0.0,0.6185983142033488
35576bfcb14af1859eea3c6970e6b163,Molenaarsstraat 22,51.0605629,3.7184658,1,2,2024-04-18 00:29:31.252000+00:00,12391,50.0,17.0,50.0,8.272,7.3,8.443999999999999,2.0,2.0,0.9967604727357827,0.5906910197221454,0.997174488862413
072b4ac29bec8affbb7440dc2cf64677,Brusselsesteenweg 1a,51.0419568,3.7412126,2,1,2024-04-18 00:29:31.265000+00:00,12090,50.0,6.0,50.0,7.8578947368421055,7.8,7.543333333333333,2.0,2.0,0.8547711848179904,0.9964807210887249,0.9213258728166288
12427ad00c4bdecd83f81ba8de56aee0,Wazenaarstraat 3,51.0407726,3.7447574,3,0,2024-04-18 00:29:31.266000+00:00,12093,42.0,4.0,50.0,7.766666666666667,0.0,7.5227272727272725,2.0,2.0,0.8183578643646703,0.9894528008850498,0.8022277833329787
95fdf93859f704dff5124fc05fb2d94f,Lousbergpark,51.0458166,3.7410848,3,0,2024-04-18 00:29:30.379000+00:00,12092,50.0,5.0,50.0,8.034615384615385,0.0,7.766666666666666,2.0,2.0,0.8444136544475884,0.9966119183881881,0.9635455183711678
c6e98ab421de6591242fd6f757e0ef18,Brusselsesteenweg 444,51.0382642,3.7472752,3,1,2024-04-18 00:29:30.384000+00:00,12099,37.0,4.0,50.0,7.433333333333334,0.0,7.17,2.0,2.0,0.7663015940312929,0.9894528008850498,0.7893211603514669
e45fe6602cac6fcd5575fbbeb2933abf,Ankerslaan 75,51.0396446,3.7506019,3,0,2024-04-18 00:29:30.390000+00:00,12098,38.0,2.0,50.0,7.12,0.0,7.015789473684211,2.0,2.0,0.7775353461902493,0.9854716720209349,0.7995964087398677
13982c42b902de96b040d3188c19220c,Lamoraal van Egmontstraat 1,51.0391337,3.7165106,3,1,2024-04-18 00:29:31.275000+00:00,12152,50.0,15.0,50.0,7.665909090909091,7.949999999999999,8.058,2.0,2.0,0.9735413696998064,0.9033146820415718,0.9948054911388635
7bb7f240921199a26c70ca58df9d9964,Thai Center,51.0379481,3.711039,3,0,2024-04-18 00:29:31.280000+00:00,21598,44.0,9.0,50.0,6.766666666666667,8.0,7.3805555555555555,2.0,2.0,0.9086150751015893,0.8653193869084345,0.8695775269663639
7b71b17640975e2daf43a9e935799dc1,Braemstraat Nachtwinkel,51.0321145,3.7613247,1,1,2024-04-18 00:29:31.285000+00:00,21754,16.0,0.0,20.0,6.5,0.0,6.775,2.0,1.5,0.7908715046557312,0.0,0.8985430451247792
bc80b3dc2883bb398c18b31f7710f5cb,Groot-Brittanniëlaan 147,51.043432,3.7119298,1,1,2024-04-18 00:29:31.287000+00:00,13239,50.0,5.0,50.0,7.7375,8.0,8.312000000000001,2.0,2.0,0.922239803842308,0.9361343956768717,0.9955774099525563
df01a47ecec29729e6aec325c3166848,Zwijnaardsesteenweg 439 ,51.0263776,3.7219716,6,0,2024-04-18 00:29:31.288000+00:00,16648,18.0,0.0,33.0,5.8,0.0,7.189473684210526,2.0,1.0,0.8375726777318164,0.0,0.8564545125122419
24c24e616d1161659636c7661f7a1f7d,Jubileumlaan vlaggen,51.0449481,3.7076045,3,0,2024-04-18 00:29:31.294000+00:00,23819,50.0,3.0,45.0,7.304347826086956,8.2,7.7562500000000005,2.0,2.0,0.8294891283535094,0.7386824599848237,0.9950717241452673
e06e77adbf06fa422ac611cc47490b70,Bagattenstraat Viernulvier,51.0476701,3.727033,9,3,2024-04-18 00:29:31.295000+00:00,21522,50.0,14.0,50.0,8.342,8.0,8.396,2.0,2.0,0.9977562070506139,0.9916278140301075,0.9978004063570409
b2c28bd46a15f0a38db66792eb025600,Boot-Kinepolis,51.0403997,3.7296512,10,1,2024-04-18 00:29:31.296000+00:00,23814,50.0,18.0,50.0,7.972,7.95,8.18,2.0,2.0,0.9840483054273131,0.8576976711351114,0.9951874880326789
4f49347fe0093bcca50d67975fea91f1,-1 De Krook (underground),51.048445,3.7287204,8,4,2024-04-18 00:29:31.305000+00:00,15151,50.0,15.0,50.0,8.48,8.0,8.564,2.0,2.0,0.9976770099780865,0.9276356030466141,0.9977287619939154
c44dbe3deb1f97cf96cc6943f93fd67f,Artevelde Hogeschool Stropkaai 14,51.0369018,3.7303859,3,0,2024-04-18 00:29:30.954000+00:00,23902,50.0,16.0,50.0,7.823255813953488,7.866666666666667,7.775,2.0,2.0,0.9540515499010701,0.8436820522094335,0.9784071761376932
1b7595a5ef1aa93fd04991fdcfd290c7,Drongensesteenweg 97,51.0565155,3.6984831,2,0,2024-04-18 00:29:31.320000+00:00,16638,50.0,1.0,50.0,7.6499999999999995,0.0,7.509090909090909,2.0,2.0,0.62966278748165,0.24373976129183245,0.7697985234985001
6453b62750218cee9e871a0e4e647216,Maïsstraat 213,51.0720608,3.7126556,4,1,2024-04-18 00:29:31.323000+00:00,16635,16.0,1.0,33.0,0.0,6.5,7.925,2.0,2.0,0.5051432887262515,0.9960693998255431,0.7546273642107951
b44d44bb19e6b528731859810d023387,Leiestraat 3,51.0568008,3.7039706,2,1,2024-04-18 00:29:31.328000+00:00,12186,50.0,4.0,50.0,7.85,0.0,7.916666666666667,2.0,2.0,0.6380512414101228,0.48543975916430865,0.8611078921626099
3208065383489e5e7f695f30fa9a1293,Gildestraat 2,51.0548394,3.7302259,2,1,2024-04-18 00:29:30.956000+00:00,22596,50.0,19.0,50.0,8.472000000000001,7.3,8.652000000000001,2.0,2.0,0.9974033040444228,0.6271575025191816,0.9976597238474141
77a0f47739d45c04305705ca33ae8bf5,Oude beestenmarkt,51.0541228,3.7313433,6,0,2024-04-18 00:29:31.336000+00:00,19990,50.0,16.0,50.0,8.504,7.3,8.64,2.0,2.0,0.9972869816820203,0.6500891565431994,0.9975854200795693
0169398b94b3eed7ace5cef57be40375,Bleau,51.0494804,3.6814601,3,3,2024-04-18 00:29:31.344000+00:00,16981,12.0,0.0,8.0,6.92,0.0,6.199999999999999,1.0,0.0,0.9572341127162095,0.0,0.8299829266217049
fffa2ab1429abc74cb18206fa315d67a,Ossenstraat 2,51.0529075,3.7387522,3,0,2024-04-18 00:29:31.345000+00:00,12114,50.0,7.0,50.0,8.007317073170732,7.5,8.040816326530612,2.0,2.0,0.9599461736484904,0.81880057301307,0.9961365232006467
481f4d97b3bbe0c5ab55576e6b0d424d,Onderstraat 21a,51.056168,3.7245457,0,3,2024-04-18 00:29:31.349000+00:00,12118,50.0,20.0,50.0,8.424,7.3,8.604,2.0,2.0,0.9973564453332766,0.6271575025191816,0.9975349977661
587969d961f9b00ee9c3c192c0277320,Onderstraat 71,51.0554408,3.7261504,0,3,2024-04-18 00:29:31.353000+00:00,12119,50.0,20.0,50.0,8.44,7.3,8.586,2.0,2.0,0.9975317532923431,0.6271575025191816,0.9977616322362403
90fa0da625b938205210480b4ac7962b,Raveschootstraat,51.0410138,3.7335682,3,0,2024-04-18 00:29:31.354000+00:00,21815,50.0,18.0,50.0,7.922448979591836,7.866666666666667,7.9879999999999995,2.0,2.0,0.9942394634385039,0.8436820522094335,0.9947026253643385
411d21d347d179d9dffa8890d1022750,Sint-Lievenspoort,51.0394125,3.7374997,5,1,2024-04-18 00:29:31.357000+00:00,20810,50.0,11.0,50.0,7.7631578947368425,7.8,7.545,2.0,2.0,0.9306494266323426,0.8703784864795864,0.9549117609514286
ab93779520ee111a90ac4df6c78bafb0,Coupure Links 187,51.0468605,3.7151619,3,0,2024-04-18 00:29:31.365000+00:00,22611,48.0,12.0,50.0,8.166666666666666,8.0,8.127083333333333,2.0,2.0,0.9968733711146097,0.8969174839903836,0.9977803012573665
c47b9318793bacf57e0d4e693e8c1ca5,Coupure Links 503,51.0506898,3.7102022,3,0,2024-04-18 00:29:31.368000+00:00,22614,50.0,8.0,50.0,7.81,8.2,8.35,2.0,2.0,0.9553688594345041,0.7008412836870594,0.9971613514031019
eec7389fe8f055d019ab491fb1a9c41e,Brankardierstraat 18,51.0514793,3.7047536,3,0,2024-04-18 00:29:31.369000+00:00,21712,50.0,3.0,48.0,7.7846153846153845,0.0,7.9624999999999995,2.0,2.0,0.6908871242261132,0.7365841896616527,0.9849315329256698
219e8731373e3b8bab74900980345ac8,Coupure 669,51.0544723,3.7087806,6,0,2024-04-18 00:29:31.370000+00:00,21714,50.0,9.0,50.0,7.967441860465117,0.0,8.347999999999999,2.0,2.0,0.9188392762164118,0.49301684644242566,0.9969997127842903
d34c10542a9ede9e4c6c2f57299c47fc,Kompasplein 2,51.0643705,3.7374126,3,0,2024-04-18 00:29:31.377000+00:00,23589,50.0,6.0,50.0,8.176923076923076,7.5,7.848484848484849,2.0,1.5,0.82627265234689,0.6304730549113886,0.9498503038058684
6e6a4f1e836bdb6c63a22d27b1a02c6d,Tentoonstellingslaan 128,51.0385755,3.730624,8,4,2024-04-18 00:29:31.378000+00:00,12367,50.0,16.0,50.0,7.830232558139534,7.866666666666667,7.839024390243902,2.0,2.0,0.9501874348445845,0.8436820522094335,0.9948172988958152
fc6226cfc6cae46d80778272523cf271,Hortensiastraat 109,51.0697486,3.7046855,2,2,2024-04-18 00:29:31.379000+00:00,12411,28.0,1.0,50.0,0.0,6.5,7.74,2.0,2.0,0.6452008382443674,0.9960693998255431,0.7115051166946791
ea2abb842a6b1ffab40cac389ee62041,Bij Sint-Jozef 30,51.0630376,3.7101848,4,2,2024-04-18 00:29:31.384000+00:00,12413,50.0,6.0,39.0,7.828571428571428,6.5,8.028571428571428,2.0,2.0,0.6296164606514477,0.5437216773397443,0.9189869339647014
2cb5d3963cc48e401f45182fca80e7cc,Ferdinand Lousbergskaai 139,51.0440376,3.7401502,6,0,2024-04-18 00:29:31.385000+00:00,12369,49.0,10.0,50.0,8.092,7.8,7.717142857142858,2.0,2.0,0.8846961896049188,0.9938269897666107,0.9944931706486819
039822fb9f6d2d7b9fc69d31d31ddae7,Gouvernementstraat 34,51.0506548,3.7263568,4,2,2024-04-18 00:29:31.392000+00:00,12204,50.0,23.0,50.0,8.51,7.6499999999999995,8.666,2.0,2.0,0.9975733463821459,0.7248331666773044,0.9977217411654575
aa804f5637c5b5228d7f1c3bf5f800e8,Vlaanderenstraat 85,51.0502747,3.730164,6,0,2024-04-18 00:29:31.393000+00:00,12205,50.0,17.0,50.0,8.508,7.449999999999999,8.612,2.0,2.0,0.9975772291130354,0.7178305108184584,0.9977553028530093
6ed18f96a3ca8d1966378026d231cb32,Campinglaan 14,51.0463735,3.6808789,4,2,2024-04-18 00:29:31.394000+00:00,12206,11.0,0.0,7.0,7.074999999999999,0.0,7.2,1.0,0.0,0.9532511222687914,0.0,0.8290368433929749
a51cea773d95f9009ae1983d671310ff,Trimlaan 7,51.0471052,3.6824808,3,0,2024-04-18 00:29:31.398000+00:00,12207,12.0,0.0,8.0,6.92,0.0,6.8999999999999995,1.0,0.0,0.9572341127162095,0.0,0.8626422781524583
c3b4bcef6080182108d41a8922f30822,Sint-Margrietstraat 30,51.059302,3.720876,3,1,2024-04-18 00:29:31.413000+00:00,12202,50.0,18.0,50.0,8.366,7.3,8.526,2.0,2.0,0.9966581388422016,0.6271575025191816,0.9972266131949025
6d5387f719962ba977b4e97de22bd41f,Faculteit Diergeneeskunde,50.9981899,3.7670214,4,0,2024-04-18 00:29:31.171000+00:00,24644,3.0,1.0,5.0,0.0,0.0,0.0,2.0,1.0,0.3481705954939046,0.9843440844201434,0.2167436121098653
73def5bd0101387acaa1ea4853ccd89a,Bijloke site,51.0440697,3.7186644,6,0,2024-04-18 00:29:30.532000+00:00,24698,50.0,17.0,50.0,8.033999999999999,7.949999999999999,8.336,2.0,2.0,0.9963634767993532,0.9113608319004783,0.9971514584175477
b643f66e2bd3513d7d7376425aeba3e3,Plantentuin ,51.0364097,3.7222842,2,1,2024-04-18 00:29:31.335000+00:00,26208,50.0,17.0,50.0,7.714634146341464,7.95,7.9879999999999995,2.0,2.0,0.8964409186647662,0.8576976711351114,0.9870200838244368
e292a09b42778b2044a04fed4d869c03,Ganzerik,51.0622904,3.6916473,1,1,2024-04-18 00:29:30.613000+00:00,26210,40.0,0.0,50.0,8.9,0.0,7.5470588235294125,2.0,2.0,0.6776267253279202,0.0,0.805480253858116
a7d1f88e61137a3884af3851039326c4,Botermarkt,51.0337559,3.7406861,4,3,2024-04-18 00:29:31.144000+00:00,12210,34.0,3.0,50.0,7.433333333333334,0.0,7.323529411764706,2.0,1.0,0.7859370242692586,0.6879906601706274,0.8155719847669297
77aa5d494acb9a3253dd4a4f2cf30e12,Watt The Firms,51.0551047,3.7065574,5,0,2024-04-18 00:29:30.517000+00:00,26439,50.0,5.0,50.0,7.776190476190477,0.0,8.072093023255814,2.0,2.0,0.7402942365380933,0.48543975916430865,0.9882571857115504
8bdfe448ba1aabb1ec0be00b19a38e8d,Oostakker hub,51.0993927,3.7648492,4,0,2024-04-18 00:29:31.081000+00:00,24033,10.0,0.0,23.0,6.8,0.0,6.3500000000000005,2.0,1.0,0.687197492713231,0.0,0.7578547180499117
b6286249591b1919fad70137912ae547,Antwerpenplein 1 ,51.0577765,3.7412685,4,0,2024-04-18 00:29:30.699000+00:00,26562,50.0,8.0,49.0,7.98695652173913,6.4,7.8515151515151524,2.0,2.0,0.8821602491647206,0.664720336999766,0.9540303984070492
f61b52397e4cbf189392cf0c87f44514,Hogent Mercator,51.0424153,3.7162754,4,0,2024-04-18 00:29:30.922000+00:00,26596,50.0,16.0,50.0,8.024,7.949999999999999,8.524,2.0,2.0,0.9846874135693465,0.9033146820415718,0.9959591409058995
d6546696db912147891341569b3a26eb,Hogent Mercator,51.0434313,3.7140364,3,4,2024-04-18 00:29:31.115000+00:00,26673,50.0,13.0,50.0,7.904166666666666,7.949999999999999,8.494,2.0,2.0,0.9646117269110482,0.9570728863051294,0.9958001085037125
2484843caa7b9663cbcd8fe8025e3fda,Coupure 649,51.052673,3.7093688,3,0,2024-04-18 00:29:30.943000+00:00,16612,50.0,8.0,50.0,7.940425531914894,0.0,8.52,2.0,2.0,0.9441350552092419,0.49301684644242566,0.9969816288322022
0f97857ffbd37f182df8e1f08ec4e63c,Forelstraat water,51.047414,3.73934,3,0,2024-04-18 00:29:30.976000+00:00,26706,50.0,7.0,50.0,8.118518518518519,0.0,7.908695652173913,2.0,2.0,0.8952539199625557,0.9945996354842599,0.9950860583367018
df550cf793abdaab9ca0afed2fff7a17,Artevelde Hogeschool Sint Amandsberg,51.0623281,3.7467302,3,0,2024-04-18 00:29:31.216000+00:00,23898,34.0,2.0,50.0,7.859999999999999,5.3,7.621052631578948,2.0,2.0,0.7631866124466009,0.7160912601323319,0.7813373082569198
4ff44d155d6800e531b4f0b3282d1335,Watt the factory,51.0566235,3.7007879,5,0,2024-04-18 00:29:31.224000+00:00,26735,50.0,1.0,50.0,7.814285714285715,0.0,7.69655172413793,2.0,2.0,0.6279313022573028,0.24373976129183245,0.8137849179839585
e64b5d2af3b867814d137ac3405321be,Bourgoyendreef,51.065758,3.686578,2,1,2024-04-18 00:29:31.084000+00:00,27093,28.0,0.0,40.0,8.9,0.0,7.385714285714285,2.0,2.0,0.6615636014367877,0.0,0.7924858439080935
1b133f13590a2a152dac4882e7847fdf,UZGent verzamelplaats,51.0249992,3.7228879,3,0,2024-04-18 00:29:31.162000+00:00,27113,18.0,0.0,33.0,5.4,0.0,7.0736842105263165,2.0,1.0,0.7999329830010851,0.0,0.8447055198261196
2786355796d2e4120c175fa439794ae9,Gent-Sint-Pietersstation Zuid,51.0347452,3.7089006,16,14,2024-04-18 00:29:31.288000+00:00,19610,33.0,3.0,50.0,6.262499999999999,7.9,7.460000000000001,2.0,2.0,0.9322914672113127,0.9905732967399244,0.854960640810161
7453412657f49323a04eecac13df72de,Maria Middelares bezoekers parking,51.0257732,3.7012117,7,1,2024-04-18 00:29:31.371000+00:00,27193,6.0,1.0,24.0,0.0,0.0,7.233333333333333,2.0,1.0,0.7490670808246283,0.42299959577048274,0.7384724055541321
ab8fc788a2862cc8cd9a9e64703efc56,Molenaarsstraat 3,51.0594992,3.7186853,3,0,2024-04-18 00:29:30.941000+00:00,12044,50.0,18.0,50.0,8.338,7.3,8.51,2.0,2.0,0.9966426611067379,0.6271575025191816,0.9971247579941707
71832590197368d3e05c382e69ff8a64,Arbedpark,51.0453548,3.7533871,2,1,2024-04-18 00:29:30.966000+00:00,27357,30.0,2.0,50.0,8.266666666666667,0.0,7.158823529411765,2.0,2.0,0.7866451072772429,0.9854716720209349,0.7716844669489181
2305bf148ac27c0077186f3cf4c0ffbb,Hoornstraat,51.0522518,3.721387,6,0,2024-04-18 00:29:31.082000+00:00,27399,50.0,21.0,50.0,8.474,7.599999999999999,8.66,2.0,2.0,0.9977514201221198,0.6522072299336517,0.9978265748994746
7679bd6bc9a7f42702f3066b48a5d0e0,Krommewal,51.0595352,3.72582,3,0,2024-04-18 00:29:30.721000+00:00,27400,50.0,18.0,50.0,8.33,7.3,8.466000000000001,2.0,2.0,0.9974183562751314,0.6271575025191816,0.9975054783737208
a27e12241fffefb2c9c3a1ac7439193a,Tijgerstraat rondpunt,51.0401661,3.7323498,2,1,2024-04-18 00:29:31.092000+00:00,27454,50.0,17.0,50.0,7.928571428571429,7.866666666666667,8.002,2.0,2.0,0.994028253515733,0.8436820522094335,0.9943342978107781
edcfd5a8042aeeb6be636cfe599690df,Gebroedersvandeveldestraat,51.0507705,3.7193099,7,1,2024-04-18 00:29:31.093000+00:00,27456,50.0,15.0,50.0,8.49,7.6499999999999995,8.682,2.0,2.0,0.9976730208710083,0.6581347322124507,0.9976603089164522
905a85865efe20cca62cc8decd41ae50,Koophandelsplein,51.0504828,3.7204593,21,4,2024-04-18 00:29:31.237000+00:00,9494,50.0,16.0,50.0,8.508,7.6499999999999995,8.672,2.0,2.0,0.9976352573240006,0.6432643483749264,0.9977812054549711
7cc58f9897bbc0c9b5eb09a9a2a86329,Recollettenlei 16,51.0499184,3.7195842,6,0,2024-04-18 00:29:31.400000+00:00,12200,50.0,14.0,50.0,8.5,7.6499999999999995,8.662,2.0,2.0,0.9975976001531817,0.692326021743293,0.9978819968938153
49d80b6a74d65d16f6e0f5bd0dfdb9bc,2de Korenmarkt,51.0550299,3.7220518,6,0,2024-04-18 00:29:31.212000+00:00,22585,50.0,18.0,50.0,8.426,7.3,8.626,2.0,2.0,0.9976420122119865,0.6271575025191816,0.997846679999149
59429b338a7665dcdfcbd5270c3189a5,3de Korenmarkt,51.0554623,3.7221769,2,1,2024-04-18 00:29:31.213000+00:00,22586,50.0,18.0,50.0,8.418,7.3,8.607999999999999,2.0,2.0,0.9975400506350658,0.6271575025191816,0.9977483884007404
bfca79074190287c5ac31636a510bffc,Groentenmarkt ,51.0557623,3.722004,5,6,2024-04-18 00:29:31.322000+00:00,12023,50.0,19.0,50.0,8.384,7.3,8.602,2.0,2.0,0.9976997212943854,0.6271575025191816,0.9977465800055316
1721eed8c29811f61fb32b4ae493aea2,Laperre,51.0566891,3.7286189,3,1,2024-04-18 00:29:31.306000+00:00,22592,50.0,20.0,50.0,8.42,7.3,8.542,2.0,2.0,0.9972763972512392,0.6271575025191816,0.9976900942493032
33892e3dfaba2fa8af4f2c7028049c67,Vlasmarkt,51.0556282,3.7283088,8,4,2024-04-18 00:29:30.957000+00:00,22594,50.0,20.0,50.0,8.434,7.3,8.628,2.0,2.0,0.9975335084994574,0.6271575025191816,0.9976806267685042
f6196464c4c2396aa84ea5b6c2b9cdf4,2de François Laurentplein,51.0506663,3.728155,3,0,2024-04-18 00:29:31.127000+00:00,22601,50.0,22.0,50.0,8.517999999999999,7.466666666666666,8.666,2.0,2.0,0.9974675020743357,0.7640152844853875,0.9977217411654575
60a0fd290c05ab5abf19be4221c38d65,François Laurentplein,51.051422,3.7281736,6,0,2024-04-18 00:29:31.132000+00:00,22600,50.0,20.0,50.0,8.522,7.3,8.693999999999999,2.0,2.0,0.9975308490947387,0.6574422997822834,0.9975879731080995
d3f244f13f5e20ef59e3edf3f9287ab8,François Laurentplein 10,51.0505956,3.7278433,2,1,2024-04-18 00:29:31.304000+00:00,13127,50.0,21.0,50.0,8.504,7.466666666666666,8.654,2.0,2.0,0.9976337148692636,0.7640152844853875,0.9977198263940599
11bc96117914486849cfc05ca333757e,Predikherenlei ,51.0526566,3.7209716,12,0,2024-04-18 00:29:30.423000+00:00,12017,50.0,20.0,50.0,8.476,7.3,8.66,2.0,2.0,0.9977221666702125,0.6256190275907103,0.9978265748994746
a03b583a4c6d4ace9cbd619e1955e58f,Sint-Michielsbrug (bovenaan parkeren),51.053937,3.7211362,10,2,2024-04-18 00:29:30.511000+00:00,22547,50.0,19.0,50.0,8.476,7.3,8.616,2.0,2.0,0.9975838244367381,0.5952060240835692,0.9977309427057847
8df58ee2c013b59126c1efbfff9e4015,Jakobijnenstraat 4,51.0521876,3.7204115,6,0,2024-04-18 00:29:30.631000+00:00,16691,50.0,18.0,50.0,8.464,7.6499999999999995,8.66,2.0,2.0,0.9976833393613174,0.6255832279118027,0.9978265748994746
1496a62a245749a209e74d8a3552b822,Kouter 29,51.0499047,3.7231159,13,3,2024-04-18 00:29:30.744000+00:00,12008,50.0,21.0,50.0,8.532,7.699999999999999,8.65,2.0,2.0,0.9977421653936983,0.7277514201221199,0.9978539667680786
f81a39e1457849b11d4b55d247bd70f5,De Post - Plein tegen zinloos geweld,51.0545363,3.7215992,5,1,2024-04-18 00:29:30.891000+00:00,23236,50.0,19.0,50.0,8.472000000000001,7.3,8.602,2.0,2.0,0.9975656872965556,0.5952060240835692,0.9977465800055316
7e14d0b62e3c42875d114aa46e370fd0,Oudburg 55,51.0591393,3.7248464,2,1,2024-04-18 00:29:30.351000+00:00,24168,50.0,18.0,50.0,8.394,7.3,8.51,2.0,2.0,0.9969187073165543,0.6271575025191816,0.9971810841861157
9745f941fc9abdd418b07cb6296f15c0,Sint-Veerleplein 4c,51.0567632,3.7213245,8,1,2024-04-18 00:29:31.404000+00:00,12201,50.0,18.0,50.0,8.334,7.3,8.568,2.0,2.0,0.9974619705125205,0.6271575025191816,0.9977098802204115
218ecf89b7207d4afc4b1bff57a62b39,Drabstraat 12,51.0555032,3.7202343,7,1,2024-04-18 00:29:31.312000+00:00,12024,50.0,19.0,50.0,8.344,7.3,8.594,2.0,2.0,0.9977062102418995,0.5952060240835692,0.9977896091738825
64d9119446f0766f7a6dfe098ab9711e,Campo Santo Plein,51.0646176,3.7484391,0,3,2024-04-18 00:29:30.438000+00:00,27654,26.0,2.0,42.0,7.25,5.3,7.4363636363636365,2.0,1.5,0.6090503936381488,0.7160912601323319,0.7775234391533798
3a5f8976601a8e4523c2e09afb3f13ac,Vaartstraat 2/110,51.0708704,3.6935601,0,2,2024-04-18 00:29:31.140000+00:00,17065,26.0,2.0,37.0,0.0,6.5,7.209090909090909,2.0,1.5,0.6201733013173241,0.9960693998255431,0.8008453303941477
a9387400ac151451dada53dbc85135c8,Elfjulistraat 79,51.028539,3.7215449,2,0,2024-04-18 00:29:30.545000+00:00,27870,23.0,3.0,40.0,7.550000000000001,0.0,7.180952380952381,2.0,1.0,0.8214992156155766,0.5850433305675524,0.8332681312614983
af615593901f4c707b2f18e46dd7be6c,"The Office, Alides",51.0306982,3.73807,2,2,2024-04-18 00:29:30.764000+00:00,27913,30.0,1.0,40.0,7.3,0.0,7.285714285714286,2.0,1.5,0.7441199036001293,0.3785662617279748,0.8007817373108213
24df364027761819cd8c0c60da946a78,Alides,51.0312184,3.7338747,2,0,2024-04-18 00:29:30.766000+00:00,27914,39.0,5.0,50.0,7.45,0.0,7.57037037037037,2.0,2.0,0.7594214958807822,0.5850433305675524,0.8294921068867944
d99e34e88d920ada29975922318e1097,Sterre Comoc,51.0267548,3.7157201,3,0,2024-04-18 00:29:30.772000+00:00,27915,19.0,0.0,43.0,5.8,0.0,7.157142857142857,2.0,1.0,0.8717932565474544,0.0,0.793185424594071
585a9dd789a82b7b2efc962c88046239,Sterre s1-s2,51.027042,3.7170059,3,0,2024-04-18 00:29:30.789000+00:00,27916,21.0,0.0,44.0,5.8,0.0,7.159090909090909,2.0,1.0,0.8846465473835003,0.0,0.7976431088998371
c54eb44c4ee6372ecdab621060253d67,Baudelo park,51.05798,3.7293022,10,1,2024-04-18 00:29:30.920000+00:00,26354,50.0,19.0,50.0,8.357999999999999,7.3,8.49,2.0,2.0,0.9972837903963577,0.6271575025191816,0.997553613599132
0fe8b60308ef57c09804999d147c1b75,Malpertuusplein,51.0648747,3.6899615,3,0,2024-04-18 00:29:31.355000+00:00,28078,34.0,0.0,48.0,8.9,0.0,7.59375,2.0,2.0,0.6708550151237596,0.0,0.782438687424207
fb07e35ebbc2e311fa433e5e929e5e23,Vlaanderenstraat 3,51.0511678,3.7289243,12,0,2024-04-18 00:29:30.434000+00:00,12013,50.0,18.0,50.0,8.522,7.3,8.686,2.0,2.0,0.9974686190243176,0.7182847371444376,0.9973572963427867
650d2175e33a916145247a356e72d7a4,Goedendagstraat,51.0830462,3.7281002,1,1,2024-04-18 00:29:30.495000+00:00,18458,12.0,0.0,12.0,0.0,0.0,6.8,2.0,1.5,0.6391243644022722,0.0,0.8239194838627322
e43d661c281b9f3ab758adf5d1aaa6d3,rasphuisstraat 19,51.0545507,3.7117495,1,2,2024-04-18 00:29:31.016000+00:00,28170,50.0,11.0,50.0,8.144,7.1,8.54,2.0,2.0,0.9967228155649639,0.6168539109205795,0.9974862242835563
b2ea25d85b01372d388378f76ff342bb,Muinkkaai 1,51.047529,3.7289608,5,1,2024-04-18 00:29:30.939000+00:00,12046,50.0,14.0,50.0,8.366,8.0,8.47,2.0,2.0,0.9974886709358977,0.9916278140301075,0.9974220262536434
56ae05b2d0a5dbaa1b922a7cd4251c8c,Korenmarkt,51.0541922,3.7220109,21,9,2024-04-18 00:29:31.321000+00:00,12022,50.0,18.0,50.0,8.454,7.3,8.618,2.0,2.0,0.9977270599748952,0.6271575025191816,0.9978632746845946
4837fe40ddd7364168fc5766a060e6dc,BLOK B -Bertha De Vriese,51.0248082,3.7157704,6,0,2024-04-18 00:29:31.121000+00:00,28284,16.0,0.0,35.0,5.8,0.0,7.1000000000000005,2.0,1.0,0.8179198668170117,0.0,0.7965498172586019
9829170cd16ed6e9cda9cef83af4c6eb,Steendam 27/29,51.05723,3.7297606,16,0,2024-04-18 00:29:30.634000+00:00,16697,50.0,20.0,50.0,8.422,7.3,8.526,2.0,2.0,0.9972605471991148,0.6271575025191816,0.9976020679531094
10ff2e6c55afcbba5b973ce0b2655d98,St-John,51.0564071,3.7284633,2,1,2024-04-18 00:29:30.953000+00:00,22593,50.0,21.0,50.0,8.452,7.3,8.55,2.0,2.0,0.9973049592579197,0.6271575025191816,0.9977055187966726
91fdb96ef4f3943947534504ede62bae,Bij Sint-Jacobs 3F,51.0565567,3.7265888,1,1,2024-04-18 00:29:30.955000+00:00,22590,50.0,19.0,50.0,8.42,7.3,8.55,2.0,2.0,0.99736341297364,0.6271575025191816,0.9976863710826969
231ee9c34523272a9d7971b2605178d3,Vrijdagsmarkt 36,51.0566856,3.7260831,10,2,2024-04-18 00:29:31.114000+00:00,13295,50.0,19.0,50.0,8.372,7.3,8.544,2.0,2.0,0.997273684658426,0.6271575025191816,0.9976293534455247
078fb186eed47e641b13b45233963d9c,Stadhuis hoogpoort,51.0547416,3.725299,1,4,2024-04-18 00:29:31.204000+00:00,22588,50.0,20.0,50.0,8.476,7.3,8.658,2.0,2.0,0.9974392060081272,0.6271575025191816,0.9976664255473056
7e44262962a7ae7083b03d4d40be8120,Belfortstraat 18,51.0553011,3.726792,6,0,2024-04-18 00:29:31.208000+00:00,22589,50.0,20.0,50.0,8.44,7.3,8.604,2.0,2.0,0.9975317532923431,0.6271575025191816,0.9977423781460757
14473b2e08e9d3fa04ad2ff5ae86a936,Bij Sint-Jacobs 5,51.0566848,3.7268285,3,0,2024-04-18 00:29:31.307000+00:00,22591,50.0,19.0,50.0,8.38,7.3,8.544,2.0,2.0,0.997310490819735,0.6271575025191816,0.9976293534455247
32d65b1576a27f221db7a9e1cd2f7067,Vrijdagsmarkt ,51.0573906,3.7252658,10,2,2024-04-18 00:29:31.315000+00:00,12026,50.0,19.0,50.0,8.37,7.3,8.55,2.0,2.0,0.9973639448545838,0.6271575025191816,0.9976740846328959
f76539c6f7db1b1ae75de42e9bea2e23,Bibliotheekstraat 1,51.0571073,3.7286481,4,2,2024-04-18 00:29:31.332000+00:00,12028,50.0,20.0,50.0,8.41,7.3,8.536,2.0,2.0,0.9973229900219135,0.6271575025191816,0.9976550964832032
32a39e2eafdfec534f7e1464f3a2709b,Stapelplein 31,51.0642826,3.7339905,6,0,2024-04-18 00:29:31.194000+00:00,12079,42.0,7.0,39.0,7.751724137931035,7.5,8.0,2.0,2.0,0.965537344120892,0.5519102504095483,0.9955748869275666
8ccb9e87988d980a65b293559465106c,Ham 1,51.0570081,3.7329869,4,2,2024-04-18 00:29:30.965000+00:00,12027,50.0,14.0,50.0,8.378,7.3,8.443999999999999,2.0,2.0,0.9973343190860158,0.6012701316937218,0.9972902793438716
c7a33e9048543382212a9902050c99b9,Kleindokkaai zuid,51.0575622,3.7391434,3,2,2024-04-18 00:29:31.346000+00:00,12116,50.0,8.0,50.0,7.918181818181819,7.5,7.904166666666666,2.0,2.0,0.8999665446886369,0.5519102504095483,0.9952341871795417
128976b8ab791b64fb935e7861d30fcd,Kongostraat 7,51.0606404,3.7310502,2,1,2024-04-18 00:29:30.635000+00:00,16695,50.0,16.0,50.0,8.334,7.3,8.44,2.0,2.0,0.9968748271386932,0.5461501275332307,0.9970194455673043
3fa0fc23273ba6b0e9715ee6d1c6bfe9,schommelstraat 46,51.0642746,3.7074351,3,0,2024-04-18 00:29:31.334000+00:00,23926,50.0,2.0,50.0,7.933333333333334,6.5,7.473684210526316,2.0,1.0,0.6260690275088824,0.9960693998255431,0.7066537774184627
2f01326108355b3313a566408746fca6,Goudenleeuwplein 1,51.0539409,3.7251371,1,5,2024-04-18 00:29:31.314000+00:00,12025,50.0,21.0,50.0,8.488,7.3,8.677999999999999,2.0,2.0,0.9974537795459864,0.6574422997822834,0.9976513201285024
bfeab016f261b5c8b8e16dcc4fdb8ae8,Denise de weerdtpad,51.0643085,3.7316159,3,0,2024-04-18 00:29:30.547000+00:00,27879,50.0,8.0,50.0,7.969230769230769,7.3,8.1,2.0,2.0,0.9584236112588559,0.6411957747377828,0.9952111567346765
62c4fbd3bd3bd67fc308fc6215b9056a,Noorderlaan 10,51.0497677,3.6921909,3,0,2024-04-18 00:29:30.617000+00:00,14399,25.0,0.0,25.0,7.5249999999999995,0.0,7.8,1.0,1.5,0.8132814217532214,0.0,0.7673156500648894
0f070dedd2e6f89d15f5180d5e77fbd3,Jenny Montignypad,51.0537055,3.6911578,3,0,2024-04-18 00:29:31.253000+00:00,28483,30.0,0.0,26.0,7.671428571428571,0.0,7.840000000000001,2.0,2.0,0.7595254558219687,0.0,0.7674068676467459
7b50c5e11ea7806c5acd67faec766831,Delhaize Watersportbaan,51.0477213,3.7075371,1,2,2024-04-18 00:29:31.255000+00:00,28482,44.0,3.0,46.0,7.99,8.2,8.067567567567568,2.0,2.0,0.7661510967385061,0.7386824599848237,0.9950247740893504
4b7cf8dd3184bac628596bb96541be2b,Lily Boeykensstraat,51.0537679,3.6880481,3,1,2024-04-18 00:29:31.267000+00:00,28484,23.0,0.0,19.0,7.125,0.0,7.56,2.0,1.5,0.8573880922494309,0.0,0.7884472185899755
3007da6e68ee6d7666da692c8c7d672d,Elfnovemberlaan,51.0729584,3.6764147,2,1,2024-04-18 00:29:30.370000+00:00,28486,15.0,2.0,17.0,7.75,0.0,7.159999999999999,2.0,1.0,0.665936596752183,0.8137725251579686,0.7524223852732804
9545faef8f05f1e04c1c3fe863d8f866,Mauriceclaeysplein,51.0720396,3.6805406,1,2,2024-04-18 00:29:30.371000+00:00,28485,17.0,2.0,18.0,7.75,0.0,7.233333333333333,2.0,1.0,0.6593728059911069,0.8137725251579686,0.7766611971576283
94badc4fa879e5966fd0a2261d057c4d,Schaverdijnstraat 43,51.0564994,3.6932704,3,0,2024-04-18 00:29:30.912000+00:00,13219,47.0,0.0,50.0,7.875,0.0,7.670588235294118,2.0,2.0,0.661032988034495,0.0,0.7679393257379226
4a2da4a9a871d905c90dd01a19a30362,Curcuskerk Malem,51.0524697,3.694065,2,1,2024-04-18 00:29:31.264000+00:00,28487,29.0,1.0,27.0,7.8500000000000005,0.0,7.788888888888888,2.0,1.0,0.7679136393776284,0.24373976129183245,0.7782004542769814
38cdb34cfc82a1860bab64a1f78149bc,Van Peenestraat 2,51.0747188,3.701488,2,1,2024-04-18 00:29:31.269000+00:00,28488,16.0,2.0,23.0,0.0,6.5,7.3999999999999995,2.0,2.0,0.591753451907325,0.9960693998255431,0.736389726523615
60bbbc2774116b2faaa9f7a8357fc35f,Pannestraat 1,51.0629757,3.7039096,2,0,2024-04-18 00:29:31.388000+00:00,12416,50.0,1.0,50.0,8.15,6.5,7.44,2.0,1.5,0.6259210050422314,0.9960693998255431,0.7362166244707785
d84b81badb9e1939412bd973a5491ea8,Kolveniersgang 133,51.0613672,3.715495,2,2,2024-04-18 00:29:30.659000+00:00,12402,50.0,15.0,50.0,7.874,7.033333333333334,8.216000000000001,2.0,2.0,0.9961247154436951,0.6049885704694973,0.9971108759015382
c961c25534b587be5324fbf45a4f39f0,Molenaarsstraat 125,51.0641446,3.7186509,1,2,2024-04-18 00:29:30.663000+00:00,12401,50.0,14.0,50.0,7.868421052631579,7.3,8.27,2.0,2.0,0.910506829351318,0.5561034667999915,0.9956512882156459
1fd680ff48ed74e28e852392f5960c12,Opgeëistenlaan 457,51.0649386,3.7175553,8,0,2024-04-18 00:29:31.251000+00:00,12393,29.0,10.0,35.0,7.909523809523809,6.8,8.109375,2.0,2.0,0.9814247228900282,0.49357411836934423,0.9955777138845241
25b9117c7543fb5fbb32dc2ff13e0d99,Tondelierlaan,51.066051,3.7155223,3,0,2024-04-18 00:29:31.268000+00:00,28489,36.0,5.0,38.0,7.8500000000000005,6.5,7.953333333333333,2.0,2.0,0.6672925132438355,0.5675098752561893,0.9921985284435554
4fb2d710c4c0bcbfd820658a7cf3582b,Bombaystraat,51.0768428,3.7286531,3,1,2024-04-18 00:29:30.475000+00:00,28490,19.0,0.0,23.0,7.625,0.0,7.859999999999999,2.0,2.0,0.5899746425760057,0.0,0.7289714959092445
2459061a75c4d843bac38e5962b579e4,De Waterspiegel,51.0858467,3.7272912,2,1,2024-04-18 00:29:31.168000+00:00,28491,11.0,0.0,15.0,0.0,0.0,6.671428571428572,2.0,1.0,0.6553807070825266,0.0,0.8234024512619761
0f6728e92437a8e0bd6be2a5df846d1e,Visserij - Tweebruggenstraat,51.0489453,3.7378373,3,1,2024-04-18 00:29:30.455000+00:00,28494,31.0,7.0,31.0,8.179166666666667,0.0,8.135714285714286,2.0,2.0,0.995755675855968,0.9945996354842599,0.9966259874970231
cd32c020839c22b3edbe6be8b23d268c,Gebroeders Van Eyckstraat,51.0532448,3.7336292,0,3,2024-04-18 00:29:30.482000+00:00,28493,50.0,15.0,50.0,8.458,7.3,8.558,2.0,2.0,0.9973716571282684,0.6500891565431994,0.9974723421909241
e5cfc96474e073b8409dfadb940aa9ed,Zalmstraat 71,51.0471478,3.7440942,2,2,2024-04-18 00:29:30.464000+00:00,28495,48.0,4.0,49.0,7.883333333333333,0.0,7.722222222222222,2.0,1.5,0.7796023658064379,0.9854716720209349,0.9303354750406002
7e50d19a9f3bd5105a2f384d85194519,Clarissenstraat,51.0440489,3.7360865,3,0,2024-04-18 00:29:30.468000+00:00,28496,50.0,11.0,50.0,7.924489795918368,7.8,7.876595744680851,2.0,2.0,0.9911151415867071,0.9933315426674894,0.9961929025806863
802a950e251aac934c7c0e382fbea282,Frederik Burvenichstraat 184,51.0406115,3.7557693,3,0,2024-04-18 00:29:31.319000+00:00,12768,30.0,2.0,50.0,7.966666666666666,0.0,7.071428571428571,2.0,2.0,0.8600199207676403,0.9854716720209349,0.7781057773134445
63b7edd173f2c591d31d6c353c47bc9e,Hendrik Waelputstraat14,51.0431988,3.7359775,3,0,2024-04-18 00:29:30.473000+00:00,28497,50.0,10.0,50.0,7.964583333333334,7.8,7.872727272727272,2.0,2.0,0.9902270067868009,0.9933315426674894,0.9960221687977363
1db0822ee66df4367df7cd46b9192aa9,Tuinwijklaan-Voskeslaan,51.0317333,3.707246,5,1,2024-04-18 00:29:31.185000+00:00,28502,29.0,0.0,50.0,5.866666666666666,0.0,7.5625,2.0,1.0,0.9364799212973798,0.0,0.8045749739378337
57c9a1470ab221967af26469f843acae,Rerum-Novarumplein,51.0232117,3.7203362,3,0,2024-04-18 00:29:31.186000+00:00,28503,14.0,0.0,28.0,5.8,0.0,7.013333333333334,2.0,1.0,0.8152145873667638,0.0,0.8388194125088579
4b4315cfa207008c49fd231b5f8dd61d,Blok E artevelde,51.0419757,3.7243206,2,1,2024-04-18 00:29:31.333000+00:00,23906,50.0,18.0,50.0,7.99,7.95,8.214,2.0,2.0,0.9843683913792737,0.8576976711351114,0.9967672808118632
2a2ea60ba5d2b374589dcfab27a2160e,Zwijnaardsesteenweg 316d,51.0292757,3.7222556,2,2,2024-04-18 00:29:30.903000+00:00,13217,24.0,8.0,40.0,7.333333333333333,7.9,7.1695652173913045,2.0,1.0,0.7974267599940429,0.7439157252373962,0.8505411048790839
bbe7a2ab620ae3320d04dedddcb9345d,Steenakker 78,51.0228408,3.7227056,3,0,2024-04-18 00:29:31.038000+00:00,28504,18.0,0.0,29.0,5.4,0.0,6.766666666666667,2.0,1.5,0.7877037990482877,0.0,0.8336988537374682
d7e96d6450b9e19aefcd10b6bc1b5134,Adolf Baeyensstraat 186,51.0530727,3.7551516,2,1,2024-04-18 00:29:30.369000+00:00,13248,35.0,3.0,50.0,7.383333333333333,5.3,7.321052631578947,2.0,1.5,0.7833746046718498,0.8093304328092533,0.8033923898474565
c0a7097988f9176aa6ce60305b082284,Station Dampoort,51.0566701,3.7401091,20,3,2024-04-18 00:29:31.376000+00:00,17178,50.0,9.0,50.0,7.845454545454545,7.5,7.923809523809524,2.0,2.0,0.9478404858023247,0.529115162861945,0.9953405101802012
17811174d4c7ed6b666c826fefd30903,Krommenelleboog,51.049723,3.7140122,3,0,2024-04-18 00:29:30.732000+00:00,28522,50.0,13.0,50.0,8.304,8.2,8.522,2.0,2.0,0.9968037678446057,0.6565334482196171,0.9979366210667405
de5ac9fc0737dbe60a2fda6017880118,Pieter Colpaertsteeg 52,51.0541799,3.7063884,3,0,2024-04-18 00:29:31.292000+00:00,28541,50.0,5.0,50.0,7.685714285714286,0.0,8.035714285714286,2.0,2.0,0.7210584962661958,0.48543975916430865,0.9880758143097249
d92e0942624a23c106b3fad7ba3ec18a,Coupure rechts 912,51.056075,3.7090817,3,1,2024-04-18 00:29:30.745000+00:00,28554,47.0,9.0,50.0,7.805405405405406,0.0,8.25,2.0,2.0,0.9718362102696498,0.49301684644242566,0.9970169989149629
3f41a259ee828855d58f51842c4c1142,Engelstraat 77/79,51.0547317,3.7506187,0,4,2024-04-18 00:29:30.974000+00:00,16685,46.0,2.0,50.0,7.625,5.3,7.57391304347826,2.0,2.0,0.7801037113288459,0.7160912601323319,0.8151673829330042
6910652fda628790ce2c55f352706a9c,Tarbotstraat 14,51.0449617,3.7410694,3,0,2024-04-18 00:29:30.560000+00:00,28567,50.0,5.0,50.0,7.945454545454546,0.0,7.491428571428571,2.0,2.0,0.8388116715954301,0.9966119183881881,0.9641205880475714
f6812b632313589325d1140b64d1b2f4,Armand Heinsstraat 61,51.0271622,3.7313799,1,3,2024-04-18 00:29:31.034000+00:00,12144,18.0,1.0,28.0,5.4,0.0,7.038461538461538,2.0,1.0,0.6943096103522033,0.3785662617279748,0.8232370274237815
e44ad2d4e378455b8be0c43103bfb7bb,De Pintelaan 137,51.0279458,3.7249487,3,0,2024-04-18 00:29:30.360000+00:00,13228,19.0,3.0,32.0,7.550000000000001,0.0,7.055555555555555,2.0,1.0,0.7926917785389586,0.5850433305675524,0.864588980747377
b6444db9caf8058bc94fc207ebbea301,UGent Campus Dunant,51.0491181,3.7034175,7,9,2024-04-18 00:29:30.992000+00:00,12434,37.0,2.0,50.0,7.781818181818181,0.0,7.952173913043478,2.0,2.0,0.7008512089653852,0.6090967597812905,0.9093121170116256
adb778577785d1168ab93a67034668b5,Rozendaalken,51.0481605,3.7226288,3,0,2024-04-18 00:29:31.389000+00:00,28756,50.0,15.0,50.0,8.53,8.0,8.662,2.0,2.0,0.9975808990915473,0.8700073000659533,0.9978626364274621
bf64b71006b43dd162b7740c6e57a371,Amelia Earhartlaan Park Inside,51.0302737,3.6890922,2,1,2024-04-18 00:29:31.142000+00:00,28764,3.0,0.0,14.0,0.0,0.0,7.633333333333333,2.5,1.0,0.5920845477948216,0.0,0.7666398953258302
9ed458708a7e717d92a58ec43375d61e,Residence Du Sud,51.0415554,3.7356781,3,0,2024-04-18 00:29:31.203000+00:00,28815,50.0,13.0,50.0,7.925531914893617,7.8,7.865306122448979,2.0,2.0,0.9743244580133182,0.8703784864795864,0.994424451630747
3ad1c6be872e2c947e5da9e72893787d,Jules de Saint-Genoisstraat 112,51.0279846,3.7565222,1,1,2024-04-18 00:29:30.498000+00:00,28816,20.0,0.0,20.0,7.333333333333333,0.0,6.8125,2.0,1.0,0.760246072672939,0.0,0.8686957149011765
6e0bc745f53a2806d9499b8737557d11,Skate & Parkour,51.0492256,3.6875757,6,10,2024-04-18 00:29:30.675000+00:00,12179,18.0,0.0,13.0,6.92,0.0,7.4,1.0,1.5,0.8671427001113404,0.0,0.8605235304129524
e70ed60da01e0c5b3cfff1978212f92a,Frans Tavernierstraat,51.0486582,3.7207245,2,1,2024-04-18 00:29:30.680000+00:00,28826,50.0,17.0,50.0,8.51,7.699999999999999,8.692,2.0,2.0,0.9977269535987066,0.7877142271383064,0.9977295066272366
62f39a1526ab1e751dde2f508439439f,Nieuwbrugkaai 79,51.0548227,3.7335079,4,0,2024-04-18 00:29:31.346000+00:00,12115,50.0,15.0,50.0,8.464,7.3,8.422,2.0,2.0,0.9972318256281514,0.6500891565431994,0.997565900048933
