station_id,station_name,latitude,longitude,empty_slots,free_bikes,timestamp,station_uid,renting,returning,last_updated
fedd9729d9183b05bb4a3bd9da7d7de1,Nieuwland 1,51.0602571,3.7293461,2,1,2024-04-18 00:29:30.343000+00:00,23997,1,1,1713387373
360b8beb20716998aea9c9a9bbe9720f,IKEA,51.0236911,3.6892353,9,3,2024-04-18 00:29:30.349000+00:00,23991,1,1,1713358694
c41d2c76618e7fa70fb587d1c2f0497d,Opgeëistenlaan 401,51.0630685,3.7159931,2,4,2024-04-18 00:29:30.350000+00:00,12392,1,1,1713165557
0af3043c5906684b3afc97f387c94430,Land van Waaslaan 128,51.0585209,3.7475825,0,3,2024-04-18 00:29:30.361000+00:00,13169,1,1,1713297425
31578db5c5ecc8491f076cf2023ccc7d,Wittemolenstraat 40,51.0565756,3.7495297,2,1,2024-04-18 00:29:30.365000+00:00,13245,1,1,1713385625
dfb4810ce36bce22c088da09bc37132d,Groendreef 133,51.0655317,3.6993996,3,0,2024-04-18 00:29:30.368000+00:00,13162,1,1,1713376944
1a3bb31080ba77d41404c93e0c0f0299,Kogelstraat 2,51.0580561,3.7422591,0,3,2024-04-18 00:29:30.565000+00:00,13165,1,1,1713022327
aaa26c27fc316b71372ceb012d8890d7,Emanuel Hielstraat 105,51.0407663,3.7615006,0,4,2024-04-18 00:29:30.372000+00:00,16679,1,1,1712944927
c88c6800155be87a311cdacd08762293,Rhino Boulder gym,51.0548977,3.6992427,2,1,2024-04-18 00:29:30.616000+00:00,18773,1,1,1713388297
1b3506fe59b23039bab3dc8f524f625a,Belgradostraat 67,51.0509493,3.7320597,1,1,2024-04-18 00:29:30.380000+00:00,12068,1,1,1713328294
1fcaa8749188138a506a8e3aa212814e,Kasteellaan 54,51.049469,3.7396381,3,0,2024-04-18 00:29:30.380000+00:00,12069,1,1,1713084810
410f1baccd30d330aca8009211c62fbe,Coupure Links 501,51.0503505,3.7104104,12,0,2024-04-18 00:29:30.381000+00:00,12061,1,1,1713378451
acab2936b4d32b1cd7d5cda63597f0b0,Kortrijksepoortstraat,51.0438426,3.7215985,3,3,2024-04-18 00:29:30.382000+00:00,19787,1,1,1713399382
0546d825dfb50724ced5555d608abe99,Fratersplein 1,51.0618368,3.7243753,2,1,2024-04-18 00:29:30.383000+00:00,12067,1,1,1713377642
a1548171597de0c03c922c566938fa76,Koningin Elisabethlaan 18,51.0376269,3.7147088,3,0,2024-04-18 00:29:31.272000+00:00,12150,1,1,1713346888
6d9592273f520fc85d1201f1f153e850,HoGent Sporthal,51.0351449,3.7044468,5,0,2024-04-18 00:29:30.388000+00:00,20360,1,1,1713347660
2e6f52f47d12de5f800f3ec732114ecd,XIOR Student Housing ,51.0343421,3.7042949,5,1,2024-04-18 00:29:30.389000+00:00,20361,1,1,1713368794
c3f3cb05411a0e86ec58d50fe9f01be8,Parklaan 98,51.0344795,3.717256,2,1,2024-04-18 00:29:31.274000+00:00,12151,1,1,1713382748
01b098a044c60e31c642865cf0ce1b3e,Ekkergemstraat 9,51.0525839,3.7088423,2,0,2024-04-18 00:29:30.390000+00:00,21848,1,1,1713276550
30659032c2a35a4d7311a0e1933d4e89,Hector van Wittenberghe,51.0587496,3.713344,3,0,2024-04-18 00:29:30.392000+00:00,21847,1,1,1712992810
0f5d523e22bc6d0a8cadcdfcb2d66105,Flixbus Ghent,51.053617,3.7403016,11,1,2024-04-18 00:29:30.393000+00:00,17222,1,1,1713389488
9fb7767ba19d7e665b92c41d329a37de,Vijfwindgatenstraat 23,51.0444101,3.7340243,3,0,2024-04-18 00:29:30.398000+00:00,16708,1,1,1713123335
11b81031b4ea4395876c7a7dbf4f14da,François Benardstraat 80,51.0419186,3.7316075,3,0,2024-04-18 00:29:30.408000+00:00,16705,1,1,1713178708
2caa169946b51c132094aa06e634fcad,Hubert Frère-Orbanlaan 634,51.0392616,3.7364216,6,0,2024-04-18 00:29:30.412000+00:00,16706,1,1,1713215592
cd7001bfe1befebc9058bdc98b2c8086,Voetweg 19,51.0406669,3.7272728,2,1,2024-04-18 00:29:30.413000+00:00,16700,1,1,1713281354
bb7ae494088165917b10648d1891f7f8,Lange Kruisstraat 31,51.0523184,3.7257917,6,0,2024-04-18 00:29:30.418000+00:00,14695,1,1,1713189621
fecd51be0c13ce728017a0127aae2152,Bisdomplein GF,51.0526166,3.7288539,16,0,2024-04-18 00:29:30.419000+00:00,12015,1,1,1713170707
1c9dc37c9f4ad22a9af38194caccf874,Brouwerstraat 1,51.0552908,3.7164211,2,2,2024-04-18 00:29:30.420000+00:00,12014,1,1,1713391992
637df9d7130f3194044e9e1891c240e9,Reep,51.0535559,3.7308213,10,0,2024-04-18 00:29:30.428000+00:00,12016,1,1,1713094037
8ecf121c3ab53bb2d5a27f279c82d112,Alexianenplein 1,51.0521669,3.7174294,12,0,2024-04-18 00:29:30.429000+00:00,12011,1,1,1713360992
8382d32e7725c746e331dfac37e28800,Ter Platen 32,51.0392373,3.7295442,5,1,2024-04-18 00:29:30.443000+00:00,12084,1,1,1713375137
ad2be11652d6624b4d4c2fbd413bf528,Tolhuislaan 77,51.0635508,3.7256125,1,1,2024-04-18 00:29:30.444000+00:00,12082,1,1,1713367332
78e75ce0a100d0137b9e3025077cae83,Savaanstraat 78,51.0486187,3.7234384,3,1,2024-04-18 00:29:30.448000+00:00,12083,1,1,1713355391
c3c97d972307186c9f2301d3fe97517e,Ham 155,51.0610287,3.7340166,8,0,2024-04-18 00:29:30.452000+00:00,12080,1,1,1713378295
1b8034523fc4ba1cb205dd612e37496f,Blekerijstraat 50,51.0596372,3.7323693,3,1,2024-04-18 00:29:30.454000+00:00,12081,1,1,1713281616
86933ae58845264c4df1d2380867bd48,Oude Houtlei 44,51.0529963,3.7167423,3,0,2024-04-18 00:29:31.154000+00:00,12121,1,1,1713245923
48c3a40d383d13e41cf4d4f193d3b7fb,Hembysebolwerk,51.05695,3.7074666,6,0,2024-04-18 00:29:31.161000+00:00,23145,1,1,1713384672
f7a6ee23fc0e844d63fd15d9b4175b92,Ottogracht 55,51.0588285,3.7267639,2,4,2024-04-18 00:29:30.479000+00:00,12124,1,1,1713375002
1ea7b39786ac4c6dc9d96572f92ce385,Ledebergplein 39,51.0374543,3.7412398,3,0,2024-04-18 00:29:30.480000+00:00,12088,1,1,1713399467
b06e8b3b970597d134c8e46daa306347,Artevelde Hogeschool Watersportbaan,51.0482402,3.7025284,1,2,2024-04-18 00:29:30.494000+00:00,23893,1,1,1713373869
63fd9646ea2067a76d5c3bbe85c60f0d,Kopenhagenstraat,51.0740496,3.7284415,3,0,2024-04-18 00:29:31.337000+00:00,21323,1,1,1713358061
b559c95a78c11f8c88120736ee3137cc,Campus Aula,51.0521984,3.7239713,6,0,2024-04-18 00:29:30.503000+00:00,22540,1,1,1713361430
afb911a0285187077bab05003f8e038e,Dukkeldamstraat,51.0780114,3.7300475,3,0,2024-04-18 00:29:31.220000+00:00,18457,1,1,1713377424
36dda7b4926cb240dfa3a353945da2dd,Kajuitstraat,51.0731978,3.731295,2,1,2024-04-18 00:29:31.224000+00:00,18456,1,1,1713198109
d3ab81397ef1bc938d319bd75ea680c8,2de Gent-Sint-Pietersstation Noord,51.0370561,3.7102414,13,9,2024-04-18 00:29:30.520000+00:00,21444,1,1,1713394587
5fa5584d4d8f8dce2071b928989eb476,Volderstraat b&b hotel,51.0522008,3.7222339,12,0,2024-04-18 00:29:30.526000+00:00,21333,1,1,1712966645
8d13d393ace4f1e7585cf637e2046c9b,Emile Moysonlaan,51.0479245,3.7475342,2,1,2024-04-18 00:29:30.528000+00:00,21330,1,1,1713199328
b6ae4c0c1a89e82a6f20af66612af829,Brusselsesteenweg 316,51.0404691,3.7429901,6,0,2024-04-18 00:29:30.529000+00:00,13207,1,1,1713335033
ec41199bd91f06bd9c22c898898e2500,Moriaanstraat 70,51.0337461,3.7449185,2,1,2024-04-18 00:29:31.284000+00:00,13201,1,1,1713361923
6e24e28ee6a13e80fd699b5274b459e8,Pannenkoekenhuis,51.052252,3.7232608,6,0,2024-04-18 00:29:30.548000+00:00,22539,1,1,1713025451
c79ad33e91a47217daba30120955cd8a,Lieven de Winnestraat 54,51.0490388,3.7142959,3,1,2024-04-18 00:29:30.577000+00:00,12198,1,1,1713400090
c78b3fa77fafe6a072047b34c934b394,Acaciapark,51.06047,3.698906,2,2,2024-04-18 00:29:30.553000+00:00,21538,1,1,1713372682
e96dc4d40ec649747b84ad88ce7452ac,Sparrestraat 23,51.0595685,3.6985802,3,0,2024-04-18 00:29:30.557000+00:00,21537,1,1,1712905358
06238d9c770ffff83eb825f2750b8c28,Meulesteedsesteenweg 146A,51.0760789,3.7304208,1,2,2024-04-18 00:29:31.135000+00:00,17067,1,1,1713372013
15c1fe1e6905d3c2c75149c7fd8e9b1f,Gasmeterlaan 191,51.0673695,3.7227782,1,1,2024-04-18 00:29:31.136000+00:00,13181,1,1,1713375995
ca54282b0972fa7c46c9e0f7f1a0d8d1,Linnenstraat 127,51.0684514,3.691455,6,0,2024-04-18 00:29:30.568000+00:00,16628,1,1,1713338653
d03c28fb2a0b6f1c59f713b00e78b298,SMAK - Stedelijk Museum voor Actuele Kunst,51.0382829,3.7231035,6,0,2024-04-18 00:29:30.581000+00:00,12050,1,1,1712934235
739ceb4a3c815948b1a197efffb66085,Dronkey 2,51.0407704,3.7256633,12,3,2024-04-18 00:29:30.582000+00:00,12053,1,1,1713395483
039374c72295ea6698c3626d478b85d0,Muinkkaai 119,51.0417154,3.7293423,10,2,2024-04-18 00:29:30.584000+00:00,12052,1,1,1713376358
7d770c78d187f3e02796b4e835f76809,Karel van Hulthemstraat 36,51.0441471,3.7230422,3,0,2024-04-18 00:29:30.585000+00:00,12054,1,1,1713332250
5ae9e5c04488fb16dd5963b238664aa5,STAM - Stadsmuseum Gent,51.0433045,3.7177672,24,0,2024-04-18 00:29:30.590000+00:00,12057,1,1,1713283635
15e9bcc8527d8e07220ea3e49bb774f3,Coupure Links 15,51.0466084,3.7194902,12,0,2024-04-18 00:29:30.591000+00:00,12056,1,1,1713129083
a5ccef3ac4c6523f8f7e124f2dbecccb,Gestichtstraat 3,51.0172252,3.7196675,6,0,2024-04-18 00:29:30.594000+00:00,16626,1,1,1713199706
9ec306e6d7a56100f1a2a0770bcb1455,KASKCinema,51.045314,3.7145362,9,3,2024-04-18 00:29:30.598000+00:00,12058,1,1,1713388644
d9f901dfc763a6005c3a197242af2f83,Kiekenstraat 8,51.0642773,3.6979297,2,1,2024-04-18 00:29:30.604000+00:00,12192,1,1,1713332989
d8a61f7ed7a6fabd1b57d8af0030c2f6,Iepenstraat 2,51.0499168,3.7173279,2,2,2024-04-18 00:29:30.605000+00:00,12194,1,1,1713372821
a20efc6130c6b5a9f7a227c73d427106,Brugsesteenweg 370,51.0685655,3.6850426,1,2,2024-04-18 00:29:30.608000+00:00,16588,1,1,1713396119
1f7e478c3787e14b5f4ca1f1f831a3c1,Roodborstjesstraat,51.0811966,3.7048535,0,3,2024-04-18 00:29:30.975000+00:00,24255,1,1,1712842302
f022ca854bd64064a98753391f68b1b6,Poel 15,51.0545287,3.7173127,12,0,2024-04-18 00:29:30.607000+00:00,12196,1,1,1713375728
37d89cc58470d6b3c7bd6f4644fce078,Van Den Heckestraat 7,51.0369233,3.7444712,2,0,2024-04-18 00:29:30.378000+00:00,16678,1,1,1713338656
0728885bea6c3898896362822e7f1591,Ekkergemstraat 34,51.0513956,3.7059044,3,0,2024-04-18 00:29:30.619000+00:00,16449,1,1,1713379194
14cb0473ca0b8a57edbdc25ae6679710,Sterre Hoofdingang,51.0265572,3.7141567,11,1,2024-04-18 00:29:30.621000+00:00,15560,1,1,1713339260
6e81b69e9b5f71458f07d4ce5fa18fe0,Hector van Wittenberghestraat 55,51.059432,3.7123166,3,0,2024-04-18 00:29:30.629000+00:00,16692,1,1,1713355056
15c2c27d8a652ded0b756607b4577153,Papegaaistraat 59,51.0506871,3.7130943,3,0,2024-04-18 00:29:30.633000+00:00,16690,1,1,1713248366
ef142705ab7da9b328648e0f8e41fd8f,UGent Homes,51.0396756,3.7288916,14,2,2024-04-18 00:29:30.637000+00:00,16699,1,1,1713390917
7ea5cae4a25e429c7c341cb0e3dd2caf,Kouter 175,51.050446,3.7247839,6,6,2024-04-18 00:29:30.638000+00:00,16698,1,1,1713376324
67cf5356223b4cdd7d63037b97913d1b,Guldenvliesstraat 2-32,51.0590604,3.7075347,2,1,2024-04-18 00:29:30.640000+00:00,24241,1,1,1713358239
daadc17d513fa4b17d65cc57eee230dc,Forelstraat 109,51.0487779,3.7430119,3,0,2024-04-18 00:29:30.657000+00:00,12373,1,1,1713333756
a90475191431fa0504055cd3f9624f50,Gent-Sint-Pietersstation Noord,51.0360093,3.7119168,9,11,2024-04-18 00:29:30.653000+00:00,17180,1,1,1713389939
fa5ba459c6586ffe4fb656b209d50ae2,Johannes Schrantstraat,51.0538571,3.7016084,3,1,2024-04-18 00:29:30.655000+00:00,17268,1,1,1713378506
2b94135a7fddb4b8c6366f96b72b52be,Abrahamstraat,51.0572295,3.7172372,1,2,2024-04-18 00:29:30.537000+00:00,12063,1,1,1713276113
c4c341211dc9fccf3f8c01a8c633fa8f,Doornzelestraat 1,51.0639684,3.7295391,1,2,2024-04-18 00:29:30.658000+00:00,12377,1,1,1713364172
c14836fa30d12c4568d4603741542537,Groendreef 47,51.0620088,3.7031366,6,0,2024-04-18 00:29:30.661000+00:00,12400,1,1,1713332448
ee4b3a34e33c19ca79aad9878e2ea308,Bar Oswald,51.0678339,3.7281344,6,0,2024-04-18 00:29:30.664000+00:00,16967,1,1,1712785967
fb0646bb18bbeb5dd4c1af0af9e498fe,Patijntjestraat 11,51.0390628,3.7087229,2,2,2024-04-18 00:29:30.667000+00:00,12177,1,1,1713379758
aac91dcfebcf4143913803e1df988857,Lobeliastraat,51.0632119,3.7000761,2,1,2024-04-18 00:29:30.672000+00:00,21263,1,1,1713331526
56c4f1d888b9261c4a9b3d19cbf3598e,Tolhuislaan 148,51.0648525,3.7266142,0,1,2024-04-18 00:29:31.364000+00:00,12388,1,1,1713399409
6aa5f68930b1c3216094398700ab6c57,Charlotte Despardstraat 30,51.060323,3.6892785,3,0,2024-04-18 00:29:30.681000+00:00,21776,1,1,1713293577
df90f60cecf08c820f62a73ceb7ce8ea,Gatti De Gammondstraat 15,51.0601682,3.6903478,3,0,2024-04-18 00:29:30.688000+00:00,21775,1,1,1713390018
abeef1501296f809e1d4627dfbd34e66,Hubert Frere Orbanlaan,51.0464312,3.732826,3,0,2024-04-18 00:29:30.691000+00:00,18800,1,1,1713312467
4c4db03e2ac6eb77f5da4ca584da33a0,Filips van Cleeflaan,51.0604647,3.7107695,6,0,2024-04-18 00:29:30.698000+00:00,19383,1,1,1713210092
ab63f92287505218ed77bb453e869afd,Antwerpsesteenweg 235,51.0614482,3.7485343,4,2,2024-04-18 00:29:30.701000+00:00,13159,1,1,1713206629
412fb0879206a060f7c1f89066f24059,Lentestraat 35,51.0352341,3.7303494,3,3,2024-04-18 00:29:30.702000+00:00,13395,1,1,1713357258
70fa8d4e4d0e315c7170f44cd57625b7,Filips van Marnixstraat 75,51.0402522,3.7189144,2,1,2024-04-18 00:29:30.703000+00:00,13396,1,1,1713383061
a15c6b46db35dd912a911523fd4dd250,Zwijnaardsesteenweg 99 ,51.0347921,3.7258515,5,0,2024-04-18 00:29:30.709000+00:00,13258,1,1,1713371372
24679ae65b0980fd9303ac53387c85a7,Neringstraat 2,51.0545013,3.7444318,5,1,2024-04-18 00:29:30.712000+00:00,13393,1,1,1713372304
2412de399716b248629d2578c30d0b70,Europalaan 93,51.0447751,3.7001235,3,0,2024-04-18 00:29:30.713000+00:00,13392,1,1,1713214440
5b47c24e954a6cf7049e5225843388cc,Krijgslaan 100,51.0334311,3.72049,2,1,2024-04-18 00:29:31.286000+00:00,13251,1,1,1713373200
dd8907b6f546637904eae930c63f717b,Stropstraat 157,51.0327095,3.7304218,3,0,2024-04-18 00:29:30.723000+00:00,16663,1,1,1713365990
b18db117450a24de10ebdc07f8d60721,Sint-Juliaanstraat 28/32,51.0335332,3.7315122,6,0,2024-04-18 00:29:30.724000+00:00,16664,1,1,1713364624
fd9055f8ffc3d10246da2114b6aa2c39,Frans de Coninckstraat 5,51.0312427,3.7437784,0,6,2024-04-18 00:29:30.730000+00:00,16668,1,1,1713358341
f4d1bb12fd1aaf84e993bbaa9656af13,Koningin Fabiolalaan 76,51.0388912,3.701733,6,1,2024-04-18 00:29:30.733000+00:00,13283,1,1,1713393880
a653570f7f625a352b81e7548e6107a9,Marialand,51.0537828,3.7117455,2,0,2024-04-18 00:29:30.734000+00:00,13531,1,1,1713160642
6108dfa3fbde59260f4ed9e008e39d88,Vlaamsekaai 86,51.0449118,3.7429104,3,0,2024-04-18 00:29:30.742000+00:00,16712,1,1,1713249739
93af71fd89a2b5c3e8a5ba1aa2f29e2c,Sint-Widostraat,51.0579855,3.7193673,3,4,2024-04-18 00:29:30.753000+00:00,12005,1,1,1713368756
710e516a568381d753fc73954d75421c,Yachtdreef,51.0460194,3.7027896,5,1,2024-04-18 00:29:30.755000+00:00,12002,1,1,1713293834
24638b3101e7b7ff2adb4eab64b77760,Sint Niklaasstraat ,51.0525333,3.7229279,6,0,2024-04-18 00:29:30.756000+00:00,12003,1,1,1713272398
13088b02393576a563630e8eacb9458f,Strandlaan 26,51.0447825,3.6871504,18,5,2024-04-18 00:29:30.762000+00:00,12000,1,1,1713363772
fb1e1c1a98357e8db2c8c39e4b37974b,3de Gent-Sint-Pietersstation Noord,51.0364314,3.7130812,5,5,2024-04-18 00:29:30.763000+00:00,23129,1,1,1713372536
48b6902234b2c85bcfd40df4593101a4,Sint-Annastraat 3,51.0472983,3.7337091,3,0,2024-04-18 00:29:30.790000+00:00,13324,1,1,1712930998
d11d22de75282c7c05798b62807a5a3c,Wasstraat 116,51.0560957,3.7444236,3,3,2024-04-18 00:29:30.792000+00:00,13325,1,1,1713375733
75db5d57566cc06f7664b91d1ab56c51,Ommegangstraat 2,51.0425649,3.7366551,3,0,2024-04-18 00:29:30.804000+00:00,13322,1,1,1712988314
86467c41b30e470c56fb762eab15fac8,Sportstraat 212,51.0417894,3.7068596,1,2,2024-04-18 00:29:30.814000+00:00,13286,1,1,1713396303
ed8a2373c39ef8d3f79a878e073dfa61,Sterre Zuid,51.0240214,3.713336,10,2,2024-04-18 00:29:30.815000+00:00,15559,1,1,1713368982
eaa6b245ee62c45784f77efbb12271ec,Sterre Noord,51.0262373,3.7128156,10,3,2024-04-18 00:29:30.828000+00:00,15558,1,1,1713360551
fdd045998e6d644711170bf8238e8f36,Gordunakaai 1,51.042648,3.7104159,1,2,2024-04-18 00:29:30.833000+00:00,12139,1,1,1713265862
4566bdaafaefa59d531d3c37d3d9eec7,Meibloemstraat 120,51.0602159,3.6949114,3,0,2024-04-18 00:29:30.839000+00:00,12133,1,1,1713154117
65e05d4cbe334ce8c884fd37ed00b328,Kaarderijstraat 31,51.0553219,3.697488,5,2,2024-04-18 00:29:30.841000+00:00,12130,1,1,1713370494
7c74633c0a25be37e476016517c052ea,Haspelstraat 49,51.0585863,3.7022347,4,1,2024-04-18 00:29:30.861000+00:00,12131,1,1,1713388566
6a9fec262669a8655ed0199316c51c37,Fortlaan Citadelpark,51.0366249,3.7166989,4,2,2024-04-18 00:29:30.862000+00:00,12137,1,1,1713374598
16aa1ecb3616ddbb12d7c8c5d69cdca5,Voskenslaan 183,51.0302418,3.7060293,3,0,2024-04-18 00:29:30.864000+00:00,12135,1,1,1713372607
3de3303cc39dc978396676413e161261,Ooievaarstraat 66,51.0581844,3.6986053,3,0,2024-04-18 00:29:30.835000+00:00,12132,1,1,1713367848
70a5262d46266753caed1fcf835814b5,P+R E17 Gentbrugge,51.0348576,3.7553025,11,1,2024-04-18 00:29:30.890000+00:00,23235,1,1,1713195294
0837c7e59c8a9b0e26ea6b114e6fff3c,Edmond Van Beverenplein 7,51.0729727,3.7097549,3,0,2024-04-18 00:29:30.892000+00:00,13212,1,1,1713359022
16792b84fd889a2b1428e2659ff699bd,Welvaartstraat 1 ,51.0676195,3.70002,1,5,2024-04-18 00:29:30.901000+00:00,13215,1,1,1713380096
0858f39570fc54992ae282ddb6107b9c,Peerstraat 2,51.0591027,3.6923874,3,0,2024-04-18 00:29:30.902000+00:00,13216,1,1,1713034158
30527cbb6b8450a98f14c30b9bcfdfd1,Gentbruggestraat 90,51.05023,3.7526381,2,1,2024-04-18 00:29:30.905000+00:00,13193,1,1,1713391148
f45fe8b31cc637ae07751c634699aeed,Emiel Lossystraat 55h,51.0494013,3.7597954,1,2,2024-04-18 00:29:31.170000+00:00,13192,1,1,1713157567
f3e2c03768168f204f28e72844f796f3,Wolterslaan 160,51.0476303,3.7511836,0,3,2024-04-18 00:29:30.916000+00:00,13190,1,1,1713036719
25a130c9cfae8ee8b39a38d3c4698175,Kerkstraat 130,51.0440985,3.7494853,5,1,2024-04-18 00:29:30.917000+00:00,13196,1,1,1713250895
7cad2bed83414886e94e9f3852750b02,Bassijnstraat 2,51.0455618,3.7477834,6,0,2024-04-18 00:29:30.918000+00:00,13195,1,1,1713266735
306d129bbe946a0cfdbeda0257d9f90f,Tramhalte Don Bosco,51.0231244,3.6989272,0,3,2024-04-18 00:29:30.919000+00:00,23834,1,1,1713189292
59cfef6dde0ede6816726679a3a0aaa2,Verkortingstraat 102,51.0646903,3.7521296,1,2,2024-04-18 00:29:30.920000+00:00,22292,1,1,1713196068
ce7c8da008cd4743ef78d7cb694dd201,Az Sint Lucas ,51.0614386,3.7202492,1,2,2024-04-18 00:29:30.921000+00:00,23838,1,1,1713376955
f8f4d44802ae144e59808bccd285fa47,Jan van Gentstraat 36,51.056694,3.7355042,2,1,2024-04-18 00:29:30.923000+00:00,13267,1,1,1713345016
bbc2bc4378ed920e8034be8f3e905443,Oostendestraat 91,51.0351541,3.7151205,6,0,2024-04-18 00:29:30.928000+00:00,13260,1,1,1713351372
07006d4c2648720f7ee0ee3baec5a1b0,Beemdstraat 5,51.0411883,3.7152769,0,3,2024-04-18 00:29:30.929000+00:00,13268,1,1,1713384715
2c71223d86e73df9207c3fbe5b81a1d6,Sint-Pietersnieuwstraat 35,51.0465209,3.7270528,13,11,2024-04-18 00:29:30.930000+00:00,18654,1,1,1713394200
e8df6ff566c6126e4ce3f8c42528a1b5,Tweekerkenstraat,51.0426564,3.7274674,6,0,2024-04-18 00:29:30.931000+00:00,18657,1,1,1713361405
db7e28dfd241236f6d2e642c5c23106c,Keizervest 1,51.0419677,3.7397721,5,1,2024-04-18 00:29:30.932000+00:00,19923,1,1,1713379732
bcd66f162c4f4f4f704d85ebe9fac6bb,Laurent Delvaux straat 5,51.0421195,3.7197052,2,1,2024-04-18 00:29:30.933000+00:00,18302,1,1,1713392176
ea3fa0ae52bafccec22bf0737c4b4ca3,Kompasplein,51.0648827,3.7379278,4,2,2024-04-18 00:29:30.934000+00:00,18301,1,1,1713377737
b75a971f9e7074b0fdc889855fcb98e9,Jozef Plateaustraat 45,51.0461967,3.7250625,11,1,2024-04-18 00:29:30.934000+00:00,18659,1,1,1713379677
7386e354edbb081c386cfeb5f16a3345,Blandijnberg 2,51.0440229,3.7251746,9,3,2024-04-18 00:29:30.935000+00:00,18658,1,1,1713376657
50ea374a6308157d7116b3f28235a516,Muinkkaai 34,51.0449481,3.728668,2,1,2024-04-18 00:29:30.940000+00:00,12047,1,1,1713138903
94e5f5c27de40e0341b56899409c8a86,Martelaarslaan 406,51.0485769,3.7094228,3,1,2024-04-18 00:29:30.942000+00:00,16613,1,1,1713387349
79644c45b412cb483fcf7b922ad29f8a,Koolkapperstraat 18,51.0521476,3.7028285,3,1,2024-04-18 00:29:30.944000+00:00,16611,1,1,1713388892
2b4f9b13dd287d944a25e400eb144f1b,Portugalstraat 13,51.0579847,3.704422,3,1,2024-04-18 00:29:30.945000+00:00,16610,1,1,1713380546
512ca6395b9e7115aa29a336c64003d1,Artevelde Hogeschool Brusselsepoortstraat,51.0429092,3.73865,3,0,2024-04-18 00:29:30.955000+00:00,23901,1,1,1713251609
a0791ee328d28e17bd311521f529cccf,keizerkarelstraat 1 ,51.0534975,3.7314845,2,1,2024-04-18 00:29:30.958000+00:00,22599,1,1,1713369683
2ba7e8a05a2242ef8d66f88b8d1c70b4,Emanuel Hielstraat 30,51.0446084,3.7587073,0,3,2024-04-18 00:29:30.959000+00:00,12767,1,1,1713391549
8e76c111b7d9c76e7c39288abcb4e0b0,Dok Noord 2,51.0666684,3.7319924,5,2,2024-04-18 00:29:30.967000+00:00,18784,1,1,1713377528
65045dbf2f556e03b40428ee0470c28c,Corbiestraat 36,51.0331016,3.7238981,6,0,2024-04-18 00:29:30.968000+00:00,16476,1,1,1713389818
c9dba34e928ed1f54249921cc8d1056a,KASK,51.0455266,3.7186354,3,0,2024-04-18 00:29:30.969000+00:00,20840,1,1,1713263639
0c40c3cc2c1f83daedae3d976fbca863,Oude Houtlei 124,51.0512725,3.7169903,3,0,2024-04-18 00:29:30.970000+00:00,13400,1,1,1713163650
a31b051d36e31ae2d594bfd6226c2955,P+R Bourgoyen,51.0671332,3.682853,9,0,2024-04-18 00:29:30.971000+00:00,13404,1,1,1713369937
d88b144ae017a2c6faf494cc5082d1b0,Verlorenkost 11,51.0464758,3.721487,3,3,2024-04-18 00:29:31.040000+00:00,12317,1,1,1713391562
15a113cf10b673d93cfd871aeb3fb71a,Einde Were 50,51.0508322,3.7022726,2,5,2024-04-18 00:29:30.729000+00:00,12183,1,1,1713379304
623402d635eed864e0856d173bc1cf8a,Kasteellaan 487,51.0557261,3.738719,2,1,2024-04-18 00:29:30.559000+00:00,16687,1,1,1713388012
8f6782b3e83e3fbef4623c4dee0db8fc,KAA Gent Stadion,51.0147138,3.7343618,15,1,2024-04-18 00:29:30.984000+00:00,15995,1,1,1713367652
562aebeda4804551ed6ae565c87ebcc2,Ankerslaan 19,51.0384054,3.7498162,1,2,2024-04-18 00:29:30.989000+00:00,13199,1,1,1713295935
b3806cc7b78103eafb3703ac87c54701,Victor Braeckmanlaan 180,51.0601714,3.7607947,4,8,2024-04-18 00:29:30.990000+00:00,12437,1,1,1713377549
07778ce00e2fd874c3c70a88af7bf3fd,Vliegtuiglaan 10,51.0739085,3.7390308,5,1,2024-04-18 00:29:30.991000+00:00,12435,1,1,1713365955
b319674709b72867b2f9a81d8cd5ee5d,Spiegelhofstraat,51.0527507,3.7040082,3,0,2024-04-18 00:29:30.994000+00:00,21264,1,1,1713341576
3a6b39595384c58f2d3dfd92496b0d7a,Beukelaarstraat,51.0612925,3.7024551,3,0,2024-04-18 00:29:31+00:00,21262,1,1,1713370126
aefadb9d06838462248e19a824090da5,Gaston Crommenlaan 8,51.0363702,3.7357186,6,1,2024-04-18 00:29:31.004000+00:00,12438,1,1,1713394648
df3c7a232a1a1cec510be8a13e4b4fa4,Martelaarslaan 12,51.0494639,3.7051365,3,0,2024-04-18 00:29:31.008000+00:00,13318,1,1,1713368131
aefe3eb74b7f6859882c62478418702f,Bijlokevest 79,51.0476964,3.7123697,6,0,2024-04-18 00:29:31.009000+00:00,13315,1,1,1712942461
01a6766ca7d27d30daa6b6d3fd661680,Hofstraat 26,51.045921,3.7298503,3,0,2024-04-18 00:29:31.010000+00:00,13314,1,1,1713337705
ad6077e6c5f37838587c57e61b93f6d6,Sint-Denijslaan 431,51.0359502,3.6954795,1,4,2024-04-18 00:29:31.017000+00:00,12142,1,1,1713352931
44d8b70f1bf65c2a5302b8074964e003,Koningin Fabiolalaan 29,51.0377762,3.7064453,6,0,2024-04-18 00:29:31.020000+00:00,12141,1,1,1713256962
94e402c93dfb7cbddef2793241e2d4d7,Reigerstraat 50,51.0339931,3.7089561,3,0,2024-04-18 00:29:31.024000+00:00,12140,1,1,1713352437
50ea990cfdc81a1f6ab2a9efa48df647,Kunstlaan 1,51.0412335,3.7252314,7,5,2024-04-18 00:29:31.025000+00:00,12147,1,1,1713399218
110873bf105faf68bd53a107f3ab3854,Lange Violettestraat 227a,51.0454271,3.7351025,3,0,2024-04-18 00:29:31.028000+00:00,12146,1,1,1713306406
fc0d36e5fbe5faccf10c2981100cda49,Charles de Kerchovelaan 4b,51.0416931,3.719268,5,0,2024-04-18 00:29:31.035000+00:00,12149,1,1,1713341678
5310a0886a2d1ac8cf169d8e5b183896,Waldamkaai 13,51.0566811,3.7085281,4,2,2024-04-18 00:29:31.064000+00:00,13389,1,1,1713356785
aa6d9edc68da484de646e48b7354db61,P+R Gentbrugge,51.0324413,3.7590644,9,3,2024-04-18 00:29:30.971000+00:00,13387,1,1,1713314123
c207f7a3f9f25cdbf91b0dda512ac067,Leo Tertzweillaan 42,51.0427279,3.7520773,0,3,2024-04-18 00:29:31.048000+00:00,12313,1,1,1713389943
0c07c4116c86821583827c3b1ce46dfc,Vincent Evrardlaan 8,51.0449175,3.753857,1,2,2024-04-18 00:29:31.053000+00:00,12311,1,1,1713371542
38b7229e2a9b7dcd954c5003bfb56e63,Koningin Astridpark,51.050248,3.7379477,3,0,2024-04-18 00:29:31.058000+00:00,12070,1,1,1713351595
65f322c4c27c55b7bbd5cac5ce8ca6f4,Druifstraat 6,51.0626144,3.6932442,3,0,2024-04-18 00:29:31.036000+00:00,13226,1,1,1713247736
ec75583be1d60c05006c7b52b3aa170c,Zwijnaarde Overdekt,51.0124254,3.7077672,8,2,2024-04-18 00:29:31.065000+00:00,15639,1,1,1713368284
514b25abca3bb965234ef90ca1292772,Station Gentbrugge,51.0383084,3.7567656,9,3,2024-04-18 00:29:31.066000+00:00,19356,1,1,1713389966
0d9b2c4835426455a696e34fda8d1bc7,Duifhuisstraat 73 ,51.0398793,3.7027029,3,0,2024-04-18 00:29:31.067000+00:00,16655,1,1,1713105122
26635f05b6e0328057285ea43d844363,Kortrijksesteenweg 600,51.0312383,3.7132221,3,0,2024-04-18 00:29:31.068000+00:00,16653,1,1,1713394695
d57f85f8bc129834a1a0829c7dfe107d,Diksmuidestraat 52,51.0312607,3.7226933,3,0,2024-04-18 00:29:31.072000+00:00,16651,1,1,1713300282
a55c54328f1d8edefac571516cfefcb1,Krijgslaan 163,51.0315026,3.7204142,3,0,2024-04-18 00:29:31.074000+00:00,16650,1,1,1713107259
ba76f73ab1d040c634b7b319b6e784d6,Justus De Harduwijnlaan 3,51.066559,3.7285682,5,1,2024-04-18 00:29:31.080000+00:00,19280,1,1,1713216518
da96a0ccc3dbd1dbd8e64afb2dd19eea,Victor Frisstraat 57,51.0630107,3.7074887,0,3,2024-04-18 00:29:31.075000+00:00,16089,1,1,1713301843
256b6464a04ba858d8a5122607eba8c0,Emilius Seghersplein,51.0595563,3.7035818,2,2,2024-04-18 00:29:31.085000+00:00,21828,1,1,1713368142
ec9c2c511ecffd213d860256b92c76b9,Het Rustpunt,51.0562604,3.716088,6,0,2024-04-18 00:29:31.086000+00:00,15085,1,1,1713335608
a4bac6da7fe741fd8dbe2e97f988420e,Filips van Arteveldestraat,51.0505419,3.7349825,11,1,2024-04-18 00:29:31.100000+00:00,12033,1,1,1713367316
37f6c13ef321ee815c8b8df619fe3374,StudioSkoop,51.0489671,3.7338274,6,0,2024-04-18 00:29:31.101000+00:00,12032,1,1,1713331161
815f23bfec6e706679694ddbba4fed81,Woodrow Wilsonplein,51.0483397,3.7309618,3,13,2024-04-18 00:29:31.102000+00:00,12031,1,1,1713372721
974449cb078b918a03db31a8b8cb0491,Pieter de Keyserestraat,51.0538131,3.7335358,0,3,2024-04-18 00:29:31.103000+00:00,12030,1,1,1713363038
5e36f41e1252297e4f8dac3fce41be46,Kraanlei 71,51.0576098,3.7237438,5,3,2024-04-18 00:29:31.104000+00:00,12037,1,1,1713388217
a1ff1716121a13a32a4ee6a3875e4c7a,Sint-Michielsplein 16,51.0538692,3.7189684,10,0,2024-04-18 00:29:31.105000+00:00,12034,1,1,1713286209
aee9ffe217c6051ab73fb6ad6d68d269,P+R Ledeberg,51.0365714,3.7386892,11,1,2024-04-18 00:29:31.106000+00:00,23130,1,1,1713395304
edb7c7d5b26b1e3a1754590e80c0a095,Pijndersstraat 36,51.0581783,3.7362448,2,1,2024-04-18 00:29:31.107000+00:00,13299,1,1,1713385361
3d957a8133c0864d7d1f882a86c9462e,Zwijnaarde West,51.0103657,3.7077314,4,1,2024-04-18 00:29:31.108000+00:00,15544,1,1,1713370690
8b5152dee25a712e95c1d5166106da0f,Franklin Rooseveltlaan 457,51.0432014,3.7325584,2,1,2024-04-18 00:29:31.120000+00:00,12109,1,1,1713371344
e1cea084c97551ce01b10b7cf34dc873,Hospitaalbrug,51.0469277,3.7186038,0,3,2024-04-18 00:29:31.122000+00:00,22609,1,1,1713373391
0ddca27a22db612b3fb0ac4cf3b2bd04,Studentenhuis,51.0474323,3.7222758,3,0,2024-04-18 00:29:31.123000+00:00,22608,1,1,1713386195
5617ccab3a3e186849269a726d3a0a5b,Savaanstraat 47,51.0489781,3.726748,5,1,2024-04-18 00:29:31.124000+00:00,22603,1,1,1713373896
21427543e2b9bc804d0371739e92659f,Sint-Jansvest,51.0500002,3.7277666,2,1,2024-04-18 00:29:31.125000+00:00,22602,1,1,1712805899
5c124b877f162f6abd5bd7b8819b8678,Blauw Kotje,51.0311431,3.7137303,2,1,2024-04-18 00:29:31.134000+00:00,21707,1,1,1713335544
dbe6c36eb9d292b2399cc7334d9e7267,Heernisplein 23a,51.0525989,3.7481826,6,0,2024-04-18 00:29:30.561000+00:00,13180,1,1,1713334118
6cae528f05baf1a1d34d5a3991ff68ac,Adriaan Pietersstraat 1,51.0713864,3.6864705,0,2,2024-04-18 00:29:30.566000+00:00,17066,1,1,1713085005
a94ed61c374220ece6493538e63a6b10,Kerkstraat 109,51.0445745,3.7535088,1,2,2024-04-18 00:29:31.141000+00:00,23635,1,1,1713359533
d975bc04543358b601cee55edfabb198,Anjelierstraat,51.0725219,3.7126014,3,1,2024-04-18 00:29:31.142000+00:00,21317,1,1,1713361497
eb6368c03bcb93942294412d0e5ca27f,Hoveniersstraat 15,51.0373771,3.7426545,5,1,2024-04-18 00:29:30.439000+00:00,12086,1,1,1713368357
af788d150baa69a07920ac23ad6b7526,Neerscheldestraat 33,51.0429103,3.7435828,3,0,2024-04-18 00:29:31.147000+00:00,12214,1,1,1713346327
93eae9fcfce9a2029372682052ab51c3,Kattenberg 2,51.0429065,3.7234729,2,1,2024-04-18 00:29:31.152000+00:00,12351,1,1,1713367171
5ed06b9293e8370e456adc02d89e1a97,P+R The Loop tramhalte,51.025282,3.6929063,8,4,2024-04-18 00:29:31.153000+00:00,11999,1,1,1713365660
d63afda1febe9be461d266ef84f271c6,Coupure Links Einde,51.0559268,3.708326,3,0,2024-04-18 00:29:31.305000+00:00,23144,1,1,1713360054
2e473d24c0be215bec2cb51d9755a574,Forelstraat 57,51.0478695,3.7412392,3,0,2024-04-18 00:29:31.163000+00:00,13328,1,1,1713019206
0cc9f42765b9b45dfb5aec45dbe3814f,Gelukstraat 27,51.0587906,3.7285286,2,1,2024-04-18 00:29:31.163000+00:00,12125,1,1,1713294571
a9cc7aa966708420f4d8360a435eb38f,Nieuwevaart,51.065956,3.7091989,3,0,2024-04-18 00:29:31.169000+00:00,22216,1,1,1713376062
3439a45af8811fd1c65c7e67d2614816,Meersstraat 102,51.0403183,3.7138052,0,3,2024-04-18 00:29:31.171000+00:00,13273,1,1,1713384591
56786b46a0dfa1a1fc86f743f7af79ab,Visserij 167,51.0449532,3.738983,2,1,2024-04-18 00:29:30.964000+00:00,22219,1,1,1713380087
4326dca702aa6708071d3c0c6886ffa6,Forelstraat 147,51.049713,3.7445566,1,2,2024-04-18 00:29:31.174000+00:00,13177,1,1,1713388985
3cb295a739ceb52f19ee874cdb27933a,Fietssnelweg,51.0761568,3.7153936,3,3,2024-04-18 00:29:31.180000+00:00,16604,1,1,1713354750
eaab0ad463ec9dae8cf7a36a5c45a149,Kapitein Zeppos,51.0716931,3.7351387,11,1,2024-04-18 00:29:30.488000+00:00,20520,1,1,1713084543
0baa632a28ce8448d8823328c5c84d32,Nadine Crappéstraat 12,51.0543356,3.6902522,5,2,2024-04-18 00:29:31.181000+00:00,16607,1,1,1713392008
8402f061ccbc21621e6130d54f0f2712,Dronkey,51.0391223,3.7261586,10,5,2024-04-18 00:29:31.184000+00:00,18459,1,1,1713393048
f440e1272c1b2ea52500da60f3615eba,Braemstraat 67,51.0340321,3.7636184,2,1,2024-04-18 00:29:31.193000+00:00,19791,1,1,1713248624
7b0aba1a39b4eaeee1b575998d5cab9b,Dok-Noord 5,51.0661776,3.7340293,12,0,2024-04-18 00:29:31.195000+00:00,12078,1,1,1713372154
ac633e35f5cafd1e0b1970c3720fff9b,Neuseplein,51.0670694,3.727598,3,0,2024-04-18 00:29:31.200000+00:00,12077,1,1,1713340447
68f2c23c20a21eeaf3578b9dedad5ec9,Dok-Noord 31,51.0700658,3.7303195,1,2,2024-04-18 00:29:31.201000+00:00,12075,1,1,1713368192
2d4da9415d0cdf0f996765ddd637942f,P+R Muide,51.0734858,3.7338635,6,1,2024-04-18 00:29:31.202000+00:00,12074,1,1,1713370427
fa0ea19a46d07dc05e0e3b6bc73334fa,Lucas Munichstraat 29,51.0555557,3.7361641,3,0,2024-04-18 00:29:31.203000+00:00,12071,1,1,1713389843
af101cd3cbdf20a3e08cda919d30ad83,Artevelde Hogeschool Willem de Beersteeg,51.0600869,3.7274059,6,0,2024-04-18 00:29:30.496000+00:00,23894,1,1,1709573887
e25f736ffe1c4dc0ff0db3d55cffcda6,Center Parking,51.0509608,3.722596,1,2,2024-04-18 00:29:31.211000+00:00,22584,1,1,1713366915
66f2a4f6246b00ef6791fba77ef6629d,Korte Meer,51.0504691,3.722482,6,0,2024-04-18 00:29:31.214000+00:00,22583,1,1,1713366687
ae89b64f9baa4ea2adbfb397a27fb1e5,Voldersstraat,51.0522187,3.7248078,7,1,2024-04-18 00:29:30.505000+00:00,22541,1,1,1713362770
4a66d92176430f0d571163aca6280881,Gouvernementstraat,51.0522882,3.7271215,3,1,2024-04-18 00:29:30.508000+00:00,22544,1,1,1713384729
c5ee62578f6ad43926b0662b07ecaf80,Limburgstraat,51.0520591,3.7278779,3,0,2024-04-18 00:29:30.510000+00:00,22545,1,1,1713350786
dcc6a52302d418aff87a854637b1a742,Lange Boomgaardstraat 29,51.0513088,3.7315707,2,1,2024-04-18 00:29:31.225000+00:00,22231,1,1,1713388137
4b2f719acc84ea16781b5712b303d345,Hogeschool Gent,51.0283331,3.7062271,8,0,2024-04-18 00:29:31.226000+00:00,20616,1,1,1713251133
c3f5da8502167ef82c2faf46ae594be8,Sint-Elisabethplein 3,51.0566867,3.713966,4,2,2024-04-18 00:29:31.232000+00:00,12423,1,1,1713398723
2977b85d6a3a572ce86d1376fc62048f,Campus Ledeganck,51.0366069,3.7245323,7,5,2024-04-18 00:29:31.233000+00:00,12425,1,1,1713375907
149e7a50ec80ce4e5addbe875df7c0ff,Citadellaan 8,51.0383748,3.7267299,2,2,2024-04-18 00:29:31.234000+00:00,12426,1,1,1713395068
d0bc86cac905d5f0f40d05254358e47c,De Pintelaan 28,51.0298803,3.728336,6,1,2024-04-18 00:29:31.236000+00:00,12428,1,1,1713389948
f2028fea399d2c597a2ef46e0d7b84dd,Coyendanspark,51.0528738,3.735729,6,1,2024-04-18 00:29:31.238000+00:00,9496,1,1,1713374965
35105e66f545c859bab1caff9de2202f,Huidevetterskaai 39/40,51.0609376,3.7277436,3,0,2024-04-18 00:29:31.239000+00:00,13309,1,1,1713366955
afe517dbda3ea5bc95455bfde8304743,Hoogstraat 71,51.0552526,3.7125234,2,1,2024-04-18 00:29:31.248000+00:00,13306,1,1,1713393255
b0ed6af36d600a9d41330fe7b002317d,Pekelharing 2,51.0490068,3.7194917,3,0,2024-04-18 00:29:31.249000+00:00,13305,1,1,1713394967
ad235479bd7b1c1e19a11b9a58ec49f3,Networks Gent,51.0288152,3.6939096,6,0,2024-04-18 00:29:31.250000+00:00,21185,1,1,1713361995
35576bfcb14af1859eea3c6970e6b163,Molenaarsstraat 22,51.0605629,3.7184658,1,2,2024-04-18 00:29:31.252000+00:00,12391,1,1,1713372133
072b4ac29bec8affbb7440dc2cf64677,Brusselsesteenweg 1a,51.0419568,3.7412126,2,1,2024-04-18 00:29:31.265000+00:00,12090,1,1,1713352680
12427ad00c4bdecd83f81ba8de56aee0,Wazenaarstraat 3,51.0407726,3.7447574,3,0,2024-04-18 00:29:31.266000+00:00,12093,1,1,1713181594
95fdf93859f704dff5124fc05fb2d94f,Lousbergpark,51.0458166,3.7410848,3,0,2024-04-18 00:29:30.379000+00:00,12092,1,1,1713292873
c6e98ab421de6591242fd6f757e0ef18,Brusselsesteenweg 444,51.0382642,3.7472752,3,1,2024-04-18 00:29:30.384000+00:00,12099,1,1,1713375566
e45fe6602cac6fcd5575fbbeb2933abf,Ankerslaan 75,51.0396446,3.7506019,3,0,2024-04-18 00:29:30.390000+00:00,12098,1,1,1713295934
13982c42b902de96b040d3188c19220c,Lamoraal van Egmontstraat 1,51.0391337,3.7165106,3,1,2024-04-18 00:29:31.275000+00:00,12152,1,1,1713385158
7bb7f240921199a26c70ca58df9d9964,Thai Center,51.0379481,3.711039,3,0,2024-04-18 00:29:31.280000+00:00,21598,1,1,1713368634
7b71b17640975e2daf43a9e935799dc1,Braemstraat Nachtwinkel,51.0321145,3.7613247,1,1,2024-04-18 00:29:31.285000+00:00,21754,1,1,1713200566
bc80b3dc2883bb398c18b31f7710f5cb,Groot-Brittanniëlaan 147,51.043432,3.7119298,1,1,2024-04-18 00:29:31.287000+00:00,13239,1,1,1713374213
df01a47ecec29729e6aec325c3166848,Zwijnaardsesteenweg 439 ,51.0263776,3.7219716,6,0,2024-04-18 00:29:31.288000+00:00,16648,1,1,1713368519
24c24e616d1161659636c7661f7a1f7d,Jubileumlaan vlaggen,51.0449481,3.7076045,3,0,2024-04-18 00:29:31.294000+00:00,23819,1,1,1713362246
e06e77adbf06fa422ac611cc47490b70,Bagattenstraat Viernulvier,51.0476701,3.727033,9,3,2024-04-18 00:29:31.295000+00:00,21522,1,1,1713389461
b2c28bd46a15f0a38db66792eb025600,Boot-Kinepolis,51.0403997,3.7296512,10,1,2024-04-18 00:29:31.296000+00:00,23814,1,1,1713381629
4f49347fe0093bcca50d67975fea91f1,-1 De Krook (underground),51.048445,3.7287204,8,4,2024-04-18 00:29:31.305000+00:00,15151,1,1,1713328417
c44dbe3deb1f97cf96cc6943f93fd67f,Artevelde Hogeschool Stropkaai 14,51.0369018,3.7303859,3,0,2024-04-18 00:29:30.954000+00:00,23902,1,1,1713380098
1b7595a5ef1aa93fd04991fdcfd290c7,Drongensesteenweg 97,51.0565155,3.6984831,2,0,2024-04-18 00:29:31.320000+00:00,16638,1,1,1713197187
6453b62750218cee9e871a0e4e647216,Maïsstraat 213,51.0720608,3.7126556,4,1,2024-04-18 00:29:31.323000+00:00,16635,1,1,1712982945
b44d44bb19e6b528731859810d023387,Leiestraat 3,51.0568008,3.7039706,2,1,2024-04-18 00:29:31.328000+00:00,12186,1,1,1713387704
3208065383489e5e7f695f30fa9a1293,Gildestraat 2,51.0548394,3.7302259,2,1,2024-04-18 00:29:30.956000+00:00,22596,1,1,1713367978
77a0f47739d45c04305705ca33ae8bf5,Oude beestenmarkt,51.0541228,3.7313433,6,0,2024-04-18 00:29:31.336000+00:00,19990,1,1,1713162177
0169398b94b3eed7ace5cef57be40375,Bleau,51.0494804,3.6814601,3,3,2024-04-18 00:29:31.344000+00:00,16981,1,1,1713382122
fffa2ab1429abc74cb18206fa315d67a,Ossenstraat 2,51.0529075,3.7387522,3,0,2024-04-18 00:29:31.345000+00:00,12114,1,1,1713115702
481f4d97b3bbe0c5ab55576e6b0d424d,Onderstraat 21a,51.056168,3.7245457,0,3,2024-04-18 00:29:31.349000+00:00,12118,1,1,1713366776
587969d961f9b00ee9c3c192c0277320,Onderstraat 71,51.0554408,3.7261504,0,3,2024-04-18 00:29:31.353000+00:00,12119,1,1,1713380055
90fa0da625b938205210480b4ac7962b,Raveschootstraat,51.0410138,3.7335682,3,0,2024-04-18 00:29:31.354000+00:00,21815,1,1,1713282570
411d21d347d179d9dffa8890d1022750,Sint-Lievenspoort,51.0394125,3.7374997,5,1,2024-04-18 00:29:31.357000+00:00,20810,1,1,1713363286
ab93779520ee111a90ac4df6c78bafb0,Coupure Links 187,51.0468605,3.7151619,3,0,2024-04-18 00:29:31.365000+00:00,22611,1,1,1713276193
c47b9318793bacf57e0d4e693e8c1ca5,Coupure Links 503,51.0506898,3.7102022,3,0,2024-04-18 00:29:31.368000+00:00,22614,1,1,1713393360
eec7389fe8f055d019ab491fb1a9c41e,Brankardierstraat 18,51.0514793,3.7047536,3,0,2024-04-18 00:29:31.369000+00:00,21712,1,1,1713301967
219e8731373e3b8bab74900980345ac8,Coupure 669,51.0544723,3.7087806,6,0,2024-04-18 00:29:31.370000+00:00,21714,1,1,1713271440
d34c10542a9ede9e4c6c2f57299c47fc,Kompasplein 2,51.0643705,3.7374126,3,0,2024-04-18 00:29:31.377000+00:00,23589,1,1,1713377480
6e6a4f1e836bdb6c63a22d27b1a02c6d,Tentoonstellingslaan 128,51.0385755,3.730624,8,4,2024-04-18 00:29:31.378000+00:00,12367,1,1,1713386530
fc6226cfc6cae46d80778272523cf271,Hortensiastraat 109,51.0697486,3.7046855,2,2,2024-04-18 00:29:31.379000+00:00,12411,1,1,1713378417
ea2abb842a6b1ffab40cac389ee62041,Bij Sint-Jozef 30,51.0630376,3.7101848,4,2,2024-04-18 00:29:31.384000+00:00,12413,1,1,1713381734
2cb5d3963cc48e401f45182fca80e7cc,Ferdinand Lousbergskaai 139,51.0440376,3.7401502,6,0,2024-04-18 00:29:31.385000+00:00,12369,1,1,1712765198
039822fb9f6d2d7b9fc69d31d31ddae7,Gouvernementstraat 34,51.0506548,3.7263568,4,2,2024-04-18 00:29:31.392000+00:00,12204,1,1,1713377653
aa804f5637c5b5228d7f1c3bf5f800e8,Vlaanderenstraat 85,51.0502747,3.730164,6,0,2024-04-18 00:29:31.393000+00:00,12205,1,1,1713388235
6ed18f96a3ca8d1966378026d231cb32,Campinglaan 14,51.0463735,3.6808789,4,2,2024-04-18 00:29:31.394000+00:00,12206,1,1,1713169097
a51cea773d95f9009ae1983d671310ff,Trimlaan 7,51.0471052,3.6824808,3,0,2024-04-18 00:29:31.398000+00:00,12207,1,1,1712786487
c3b4bcef6080182108d41a8922f30822,Sint-Margrietstraat 30,51.059302,3.720876,3,1,2024-04-18 00:29:31.413000+00:00,12202,1,1,1713376233
6d5387f719962ba977b4e97de22bd41f,Faculteit Diergeneeskunde,50.9981899,3.7670214,4,0,2024-04-18 00:29:31.171000+00:00,24644,1,1,1713291224
73def5bd0101387acaa1ea4853ccd89a,Bijloke site,51.0440697,3.7186644,6,0,2024-04-18 00:29:30.532000+00:00,24698,1,1,1713368059
b643f66e2bd3513d7d7376425aeba3e3,Plantentuin ,51.0364097,3.7222842,2,1,2024-04-18 00:29:31.335000+00:00,26208,1,1,1713174819
e292a09b42778b2044a04fed4d869c03,Ganzerik,51.0622904,3.6916473,1,1,2024-04-18 00:29:30.613000+00:00,26210,1,1,1713386528
a7d1f88e61137a3884af3851039326c4,Botermarkt,51.0337559,3.7406861,4,3,2024-04-18 00:29:31.144000+00:00,12210,1,1,1713364195
77aa5d494acb9a3253dd4a4f2cf30e12,Watt The Firms,51.0551047,3.7065574,5,0,2024-04-18 00:29:30.517000+00:00,26439,1,1,1713348673
8bdfe448ba1aabb1ec0be00b19a38e8d,Oostakker hub,51.0993927,3.7648492,4,0,2024-04-18 00:29:31.081000+00:00,24033,1,1,1712825764
b6286249591b1919fad70137912ae547,Antwerpenplein 1 ,51.0577765,3.7412685,4,0,2024-04-18 00:29:30.699000+00:00,26562,1,1,1713031466
f61b52397e4cbf189392cf0c87f44514,Hogent Mercator,51.0424153,3.7162754,4,0,2024-04-18 00:29:30.922000+00:00,26596,1,1,1713342758
d6546696db912147891341569b3a26eb,Hogent Mercator,51.0434313,3.7140364,3,4,2024-04-18 00:29:31.115000+00:00,26673,1,1,1713378415
2484843caa7b9663cbcd8fe8025e3fda,Coupure 649,51.052673,3.7093688,3,0,2024-04-18 00:29:30.943000+00:00,16612,1,1,1713259459
0f97857ffbd37f182df8e1f08ec4e63c,Forelstraat water,51.047414,3.73934,3,0,2024-04-18 00:29:30.976000+00:00,26706,1,1,1713394156
df550cf793abdaab9ca0afed2fff7a17,Artevelde Hogeschool Sint Amandsberg,51.0623281,3.7467302,3,0,2024-04-18 00:29:31.216000+00:00,23898,1,1,1708365148
4ff44d155d6800e531b4f0b3282d1335,Watt the factory,51.0566235,3.7007879,5,0,2024-04-18 00:29:31.224000+00:00,26735,1,1,1713372857
e64b5d2af3b867814d137ac3405321be,Bourgoyendreef,51.065758,3.686578,2,1,2024-04-18 00:29:31.084000+00:00,27093,1,1,1713368804
1b133f13590a2a152dac4882e7847fdf,UZGent verzamelplaats,51.0249992,3.7228879,3,0,2024-04-18 00:29:31.162000+00:00,27113,1,1,1713368170
2786355796d2e4120c175fa439794ae9,Gent-Sint-Pietersstation Zuid,51.0347452,3.7089006,16,14,2024-04-18 00:29:31.288000+00:00,19610,1,1,1713387020
7453412657f49323a04eecac13df72de,Maria Middelares bezoekers parking,51.0257732,3.7012117,7,1,2024-04-18 00:29:31.371000+00:00,27193,1,1,1713373366
ab8fc788a2862cc8cd9a9e64703efc56,Molenaarsstraat 3,51.0594992,3.7186853,3,0,2024-04-18 00:29:30.941000+00:00,12044,1,1,1713200322
71832590197368d3e05c382e69ff8a64,Arbedpark,51.0453548,3.7533871,2,1,2024-04-18 00:29:30.966000+00:00,27357,1,1,1713256571
2305bf148ac27c0077186f3cf4c0ffbb,Hoornstraat,51.0522518,3.721387,6,0,2024-04-18 00:29:31.082000+00:00,27399,1,1,1713373674
7679bd6bc9a7f42702f3066b48a5d0e0,Krommewal,51.0595352,3.72582,3,0,2024-04-18 00:29:30.721000+00:00,27400,1,1,1713370191
a27e12241fffefb2c9c3a1ac7439193a,Tijgerstraat rondpunt,51.0401661,3.7323498,2,1,2024-04-18 00:29:31.092000+00:00,27454,1,1,1713361114
edcfd5a8042aeeb6be636cfe599690df,Gebroedersvandeveldestraat,51.0507705,3.7193099,7,1,2024-04-18 00:29:31.093000+00:00,27456,1,1,1713355186
905a85865efe20cca62cc8decd41ae50,Koophandelsplein,51.0504828,3.7204593,21,4,2024-04-18 00:29:31.237000+00:00,9494,1,1,1713386739
7cc58f9897bbc0c9b5eb09a9a2a86329,Recollettenlei 16,51.0499184,3.7195842,6,0,2024-04-18 00:29:31.400000+00:00,12200,1,1,1713393789
49d80b6a74d65d16f6e0f5bd0dfdb9bc,2de Korenmarkt,51.0550299,3.7220518,6,0,2024-04-18 00:29:31.212000+00:00,22585,1,1,1713196533
59429b338a7665dcdfcbd5270c3189a5,3de Korenmarkt,51.0554623,3.7221769,2,1,2024-04-18 00:29:31.213000+00:00,22586,1,1,1713365334
bfca79074190287c5ac31636a510bffc,Groentenmarkt ,51.0557623,3.722004,5,6,2024-04-18 00:29:31.322000+00:00,12023,1,1,1713390311
1721eed8c29811f61fb32b4ae493aea2,Laperre,51.0566891,3.7286189,3,1,2024-04-18 00:29:31.306000+00:00,22592,1,1,1713370532
33892e3dfaba2fa8af4f2c7028049c67,Vlasmarkt,51.0556282,3.7283088,8,4,2024-04-18 00:29:30.957000+00:00,22594,1,1,1713328419
f6196464c4c2396aa84ea5b6c2b9cdf4,2de François Laurentplein,51.0506663,3.728155,3,0,2024-04-18 00:29:31.127000+00:00,22601,1,1,1713395602
60a0fd290c05ab5abf19be4221c38d65,François Laurentplein,51.051422,3.7281736,6,0,2024-04-18 00:29:31.132000+00:00,22600,1,1,1713374385
d3f244f13f5e20ef59e3edf3f9287ab8,François Laurentplein 10,51.0505956,3.7278433,2,1,2024-04-18 00:29:31.304000+00:00,13127,1,1,1713332250
11bc96117914486849cfc05ca333757e,Predikherenlei ,51.0526566,3.7209716,12,0,2024-04-18 00:29:30.423000+00:00,12017,1,1,1713382432
a03b583a4c6d4ace9cbd619e1955e58f,Sint-Michielsbrug (bovenaan parkeren),51.053937,3.7211362,10,2,2024-04-18 00:29:30.511000+00:00,22547,1,1,1713375263
8df58ee2c013b59126c1efbfff9e4015,Jakobijnenstraat 4,51.0521876,3.7204115,6,0,2024-04-18 00:29:30.631000+00:00,16691,1,1,1713372093
1496a62a245749a209e74d8a3552b822,Kouter 29,51.0499047,3.7231159,13,3,2024-04-18 00:29:30.744000+00:00,12008,1,1,1713376403
f81a39e1457849b11d4b55d247bd70f5,De Post - Plein tegen zinloos geweld,51.0545363,3.7215992,5,1,2024-04-18 00:29:30.891000+00:00,23236,1,1,1713374610
7e14d0b62e3c42875d114aa46e370fd0,Oudburg 55,51.0591393,3.7248464,2,1,2024-04-18 00:29:30.351000+00:00,24168,1,1,1713374036
9745f941fc9abdd418b07cb6296f15c0,Sint-Veerleplein 4c,51.0567632,3.7213245,8,1,2024-04-18 00:29:31.404000+00:00,12201,1,1,1713392819
218ecf89b7207d4afc4b1bff57a62b39,Drabstraat 12,51.0555032,3.7202343,7,1,2024-04-18 00:29:31.312000+00:00,12024,1,1,1713388469
64d9119446f0766f7a6dfe098ab9711e,Campo Santo Plein,51.0646176,3.7484391,0,3,2024-04-18 00:29:30.438000+00:00,27654,1,1,1713384413
3a5f8976601a8e4523c2e09afb3f13ac,Vaartstraat 2/110,51.0708704,3.6935601,0,2,2024-04-18 00:29:31.140000+00:00,17065,1,1,1713288158
a9387400ac151451dada53dbc85135c8,Elfjulistraat 79,51.028539,3.7215449,2,0,2024-04-18 00:29:30.545000+00:00,27870,1,1,1713384021
af615593901f4c707b2f18e46dd7be6c,"The Office, Alides",51.0306982,3.73807,2,2,2024-04-18 00:29:30.764000+00:00,27913,1,1,1713266983
24df364027761819cd8c0c60da946a78,Alides,51.0312184,3.7338747,2,0,2024-04-18 00:29:30.766000+00:00,27914,1,1,1713288301
d99e34e88d920ada29975922318e1097,Sterre Comoc,51.0267548,3.7157201,3,0,2024-04-18 00:29:30.772000+00:00,27915,1,1,1711642673
585a9dd789a82b7b2efc962c88046239,Sterre s1-s2,51.027042,3.7170059,3,0,2024-04-18 00:29:30.789000+00:00,27916,1,1,1712313449
c54eb44c4ee6372ecdab621060253d67,Baudelo park,51.05798,3.7293022,10,1,2024-04-18 00:29:30.920000+00:00,26354,1,1,1713265813
0fe8b60308ef57c09804999d147c1b75,Malpertuusplein,51.0648747,3.6899615,3,0,2024-04-18 00:29:31.355000+00:00,28078,1,1,1713375707
fb07e35ebbc2e311fa433e5e929e5e23,Vlaanderenstraat 3,51.0511678,3.7289243,12,0,2024-04-18 00:29:30.434000+00:00,12013,1,1,1713366849
650d2175e33a916145247a356e72d7a4,Goedendagstraat,51.0830462,3.7281002,1,1,2024-04-18 00:29:30.495000+00:00,18458,1,1,1712827685
e43d661c281b9f3ab758adf5d1aaa6d3,rasphuisstraat 19,51.0545507,3.7117495,1,2,2024-04-18 00:29:31.016000+00:00,28170,1,1,1713387982
b2ea25d85b01372d388378f76ff342bb,Muinkkaai 1,51.047529,3.7289608,5,1,2024-04-18 00:29:30.939000+00:00,12046,1,1,1713382528
56ae05b2d0a5dbaa1b922a7cd4251c8c,Korenmarkt,51.0541922,3.7220109,21,9,2024-04-18 00:29:31.321000+00:00,12022,1,1,1713386576
4837fe40ddd7364168fc5766a060e6dc,BLOK B -Bertha De Vriese,51.0248082,3.7157704,6,0,2024-04-18 00:29:31.121000+00:00,28284,1,1,1711386355
9829170cd16ed6e9cda9cef83af4c6eb,Steendam 27/29,51.05723,3.7297606,16,0,2024-04-18 00:29:30.634000+00:00,16697,1,1,1713118155
10ff2e6c55afcbba5b973ce0b2655d98,St-John,51.0564071,3.7284633,2,1,2024-04-18 00:29:30.953000+00:00,22593,1,1,1713274430
91fdb96ef4f3943947534504ede62bae,Bij Sint-Jacobs 3F,51.0565567,3.7265888,1,1,2024-04-18 00:29:30.955000+00:00,22590,1,1,1713380296
231ee9c34523272a9d7971b2605178d3,Vrijdagsmarkt 36,51.0566856,3.7260831,10,2,2024-04-18 00:29:31.114000+00:00,13295,1,1,1713399083
078fb186eed47e641b13b45233963d9c,Stadhuis hoogpoort,51.0547416,3.725299,1,4,2024-04-18 00:29:31.204000+00:00,22588,1,1,1713369939
7e44262962a7ae7083b03d4d40be8120,Belfortstraat 18,51.0553011,3.726792,6,0,2024-04-18 00:29:31.208000+00:00,22589,1,1,1713117445
14473b2e08e9d3fa04ad2ff5ae86a936,Bij Sint-Jacobs 5,51.0566848,3.7268285,3,0,2024-04-18 00:29:31.307000+00:00,22591,1,1,1713308786
32d65b1576a27f221db7a9e1cd2f7067,Vrijdagsmarkt ,51.0573906,3.7252658,10,2,2024-04-18 00:29:31.315000+00:00,12026,1,1,1713387295
f76539c6f7db1b1ae75de42e9bea2e23,Bibliotheekstraat 1,51.0571073,3.7286481,4,2,2024-04-18 00:29:31.332000+00:00,12028,1,1,1713387093
32a39e2eafdfec534f7e1464f3a2709b,Stapelplein 31,51.0642826,3.7339905,6,0,2024-04-18 00:29:31.194000+00:00,12079,1,1,1713383424
8ccb9e87988d980a65b293559465106c,Ham 1,51.0570081,3.7329869,4,2,2024-04-18 00:29:30.965000+00:00,12027,1,1,1713281250
c7a33e9048543382212a9902050c99b9,Kleindokkaai zuid,51.0575622,3.7391434,3,2,2024-04-18 00:29:31.346000+00:00,12116,1,1,1713377615
128976b8ab791b64fb935e7861d30fcd,Kongostraat 7,51.0606404,3.7310502,2,1,2024-04-18 00:29:30.635000+00:00,16695,1,1,1713295382
3fa0fc23273ba6b0e9715ee6d1c6bfe9,schommelstraat 46,51.0642746,3.7074351,3,0,2024-04-18 00:29:31.334000+00:00,23926,1,1,1713387438
2f01326108355b3313a566408746fca6,Goudenleeuwplein 1,51.0539409,3.7251371,1,5,2024-04-18 00:29:31.314000+00:00,12025,1,1,1713361501
bfeab016f261b5c8b8e16dcc4fdb8ae8,Denise de weerdtpad,51.0643085,3.7316159,3,0,2024-04-18 00:29:30.547000+00:00,27879,1,1,1713383170
62c4fbd3bd3bd67fc308fc6215b9056a,Noorderlaan 10,51.0497677,3.6921909,3,0,2024-04-18 00:29:30.617000+00:00,14399,1,1,1713047313
0f070dedd2e6f89d15f5180d5e77fbd3,Jenny Montignypad,51.0537055,3.6911578,3,0,2024-04-18 00:29:31.253000+00:00,28483,1,1,1713358022
7b50c5e11ea7806c5acd67faec766831,Delhaize Watersportbaan,51.0477213,3.7075371,1,2,2024-04-18 00:29:31.255000+00:00,28482,1,1,1713389694
4b7cf8dd3184bac628596bb96541be2b,Lily Boeykensstraat,51.0537679,3.6880481,3,1,2024-04-18 00:29:31.267000+00:00,28484,1,1,1713362073
3007da6e68ee6d7666da692c8c7d672d,Elfnovemberlaan,51.0729584,3.6764147,2,1,2024-04-18 00:29:30.370000+00:00,28486,1,1,1712750410
9545faef8f05f1e04c1c3fe863d8f866,Mauriceclaeysplein,51.0720396,3.6805406,1,2,2024-04-18 00:29:30.371000+00:00,28485,1,1,1713154644
94badc4fa879e5966fd0a2261d057c4d,Schaverdijnstraat 43,51.0564994,3.6932704,3,0,2024-04-18 00:29:30.912000+00:00,13219,1,1,1713042542
4a2da4a9a871d905c90dd01a19a30362,Curcuskerk Malem,51.0524697,3.694065,2,1,2024-04-18 00:29:31.264000+00:00,28487,1,1,1713352931
38cdb34cfc82a1860bab64a1f78149bc,Van Peenestraat 2,51.0747188,3.701488,2,1,2024-04-18 00:29:31.269000+00:00,28488,1,1,1713359725
60bbbc2774116b2faaa9f7a8357fc35f,Pannestraat 1,51.0629757,3.7039096,2,0,2024-04-18 00:29:31.388000+00:00,12416,1,1,1713213725
d84b81badb9e1939412bd973a5491ea8,Kolveniersgang 133,51.0613672,3.715495,2,2,2024-04-18 00:29:30.659000+00:00,12402,1,1,1713368628
c961c25534b587be5324fbf45a4f39f0,Molenaarsstraat 125,51.0641446,3.7186509,1,2,2024-04-18 00:29:30.663000+00:00,12401,1,1,1713378225
1fd680ff48ed74e28e852392f5960c12,Opgeëistenlaan 457,51.0649386,3.7175553,8,0,2024-04-18 00:29:31.251000+00:00,12393,1,1,1713200401
25b9117c7543fb5fbb32dc2ff13e0d99,Tondelierlaan,51.066051,3.7155223,3,0,2024-04-18 00:29:31.268000+00:00,28489,1,1,1711930725
4fb2d710c4c0bcbfd820658a7cf3582b,Bombaystraat,51.0768428,3.7286531,3,1,2024-04-18 00:29:30.475000+00:00,28490,1,1,1713386732
2459061a75c4d843bac38e5962b579e4,De Waterspiegel,51.0858467,3.7272912,2,1,2024-04-18 00:29:31.168000+00:00,28491,1,1,1713355228
0f6728e92437a8e0bd6be2a5df846d1e,Visserij - Tweebruggenstraat,51.0489453,3.7378373,3,1,2024-04-18 00:29:30.455000+00:00,28494,1,1,1713390193
cd32c020839c22b3edbe6be8b23d268c,Gebroeders Van Eyckstraat,51.0532448,3.7336292,0,3,2024-04-18 00:29:30.482000+00:00,28493,1,1,1713342732
e5cfc96474e073b8409dfadb940aa9ed,Zalmstraat 71,51.0471478,3.7440942,2,2,2024-04-18 00:29:30.464000+00:00,28495,1,1,1713386163
7e50d19a9f3bd5105a2f384d85194519,Clarissenstraat,51.0440489,3.7360865,3,0,2024-04-18 00:29:30.468000+00:00,28496,1,1,1710834099
802a950e251aac934c7c0e382fbea282,Frederik Burvenichstraat 184,51.0406115,3.7557693,3,0,2024-04-18 00:29:31.319000+00:00,12768,1,1,1713057187
63b7edd173f2c591d31d6c353c47bc9e,Hendrik Waelputstraat14,51.0431988,3.7359775,3,0,2024-04-18 00:29:30.473000+00:00,28497,1,1,1713217207
1db0822ee66df4367df7cd46b9192aa9,Tuinwijklaan-Voskeslaan,51.0317333,3.707246,5,1,2024-04-18 00:29:31.185000+00:00,28502,1,1,1713382569
57c9a1470ab221967af26469f843acae,Rerum-Novarumplein,51.0232117,3.7203362,3,0,2024-04-18 00:29:31.186000+00:00,28503,1,1,1713093172
4b4315cfa207008c49fd231b5f8dd61d,Blok E artevelde,51.0419757,3.7243206,2,1,2024-04-18 00:29:31.333000+00:00,23906,1,1,1713336551
2a2ea60ba5d2b374589dcfab27a2160e,Zwijnaardsesteenweg 316d,51.0292757,3.7222556,2,2,2024-04-18 00:29:30.903000+00:00,13217,1,1,1713370671
bbe7a2ab620ae3320d04dedddcb9345d,Steenakker 78,51.0228408,3.7227056,3,0,2024-04-18 00:29:31.038000+00:00,28504,1,1,1713155350
d7e96d6450b9e19aefcd10b6bc1b5134,Adolf Baeyensstraat 186,51.0530727,3.7551516,2,1,2024-04-18 00:29:30.369000+00:00,13248,1,1,1712960007
c0a7097988f9176aa6ce60305b082284,Station Dampoort,51.0566701,3.7401091,20,3,2024-04-18 00:29:31.376000+00:00,17178,1,1,1713389352
17811174d4c7ed6b666c826fefd30903,Krommenelleboog,51.049723,3.7140122,3,0,2024-04-18 00:29:30.732000+00:00,28522,1,1,1713123183
de5ac9fc0737dbe60a2fda6017880118,Pieter Colpaertsteeg 52,51.0541799,3.7063884,3,0,2024-04-18 00:29:31.292000+00:00,28541,1,1,1713285289
d92e0942624a23c106b3fad7ba3ec18a,Coupure rechts 912,51.056075,3.7090817,3,1,2024-04-18 00:29:30.745000+00:00,28554,1,1,1713394148
3f41a259ee828855d58f51842c4c1142,Engelstraat 77/79,51.0547317,3.7506187,0,4,2024-04-18 00:29:30.974000+00:00,16685,1,1,1713387633
6910652fda628790ce2c55f352706a9c,Tarbotstraat 14,51.0449617,3.7410694,3,0,2024-04-18 00:29:30.560000+00:00,28567,1,1,1713367369
f6812b632313589325d1140b64d1b2f4,Armand Heinsstraat 61,51.0271622,3.7313799,1,3,2024-04-18 00:29:31.034000+00:00,12144,1,1,1713393584
e44ad2d4e378455b8be0c43103bfb7bb,De Pintelaan 137,51.0279458,3.7249487,3,0,2024-04-18 00:29:30.360000+00:00,13228,1,1,1713198930
b6444db9caf8058bc94fc207ebbea301,UGent Campus Dunant,51.0491181,3.7034175,7,9,2024-04-18 00:29:30.992000+00:00,12434,1,1,1713390281
adb778577785d1168ab93a67034668b5,Rozendaalken,51.0481605,3.7226288,3,0,2024-04-18 00:29:31.389000+00:00,28756,1,1,1713021062
bf64b71006b43dd162b7740c6e57a371,Amelia Earhartlaan Park Inside,51.0302737,3.6890922,2,1,2024-04-18 00:29:31.142000+00:00,28764,1,1,1713127135
9ed458708a7e717d92a58ec43375d61e,Residence Du Sud,51.0415554,3.7356781,3,0,2024-04-18 00:29:31.203000+00:00,28815,1,1,1713351507
3ad1c6be872e2c947e5da9e72893787d,Jules de Saint-Genoisstraat 112,51.0279846,3.7565222,1,1,2024-04-18 00:29:30.498000+00:00,28816,1,1,1712943705
6e0bc745f53a2806d9499b8737557d11,Skate & Parkour,51.0492256,3.6875757,6,10,2024-04-18 00:29:30.675000+00:00,12179,1,1,1713375195
e70ed60da01e0c5b3cfff1978212f92a,Frans Tavernierstraat,51.0486582,3.7207245,2,1,2024-04-18 00:29:30.680000+00:00,28826,1,1,1713203860
62f39a1526ab1e751dde2f508439439f,Nieuwbrugkaai 79,51.0548227,3.7335079,4,0,2024-04-18 00:29:31.346000+00:00,12115,1,1,1713385729
