station_id,ratingbars,ratingmuseums,ratingrestaurants,pricebars,pricerestaurants,popularitybars,popularitymuseums,popularityrestaurants
0169398b94b3eed7ace5cef57be40375,6.92,0.0,6.199999999999999,1.0,0.0,0.9572341127162095,0.0,0.8299829266217049
01a6766ca7d27d30daa6b6d3fd661680,8.236,8.0,8.54,2.0,2.0,0.9966024509073889,0.9916278140301075,0.9973465523477225
01b098a044c60e31c642865cf0ce1b3e,7.7976190476190474,0.0,8.308,2.0,2.0,0.931755260302534,0.49301684644242566,0.9969899261749251
039374c72295ea6698c3626d478b85d0,7.996,7.95,8.234,2.0,2.0,0.9844617364849051,0.8576976711351114,0.9963066187264643
039822fb9f6d2d7b9fc69d31d31ddae7,8.51,7.6499999999999995,8.666,2.0,2.0,0.9975733463821459,0.7248331666773044,0.9977217411654575
0546d825dfb50724ced5555d608abe99,8.324,7.3,8.476,2.0,2.0,0.9969215794736506,0.5906910197221454,0.9970191796268324
06238d9c770ffff83eb825f2750b8c28,7.625,0.0,8.033333333333333,2.0,1.5,0.6142423950411176,0.0,0.7425620649073912
07006d4c2648720f7ee0ee3baec5a1b0,7.695555555555556,7.949999999999999,8.283999999999999,2.0,2.0,0.9807754824160161,0.9033146820415718,0.995120364657575
0728885bea6c3898896362822e7f1591,7.831578947368421,0.0,8.11025641025641,2.0,2.0,0.7067194647150181,0.7365841896616527,0.9871865625598366
072b4ac29bec8affbb7440dc2cf64677,7.8578947368421055,7.8,7.543333333333333,2.0,2.0,0.8547711848179904,0.9964807210887249,0.9213258728166288
07778ce00e2fd874c3c70a88af7bf3fd,7.5,0.0,7.885714285714286,2.0,2.0,0.6101494585451992,0.0,0.7800568989868076
078fb186eed47e641b13b45233963d9c,8.476,7.3,8.658,2.0,2.0,0.9974392060081272,0.6271575025191816,0.9976664255473056
0837c7e59c8a9b0e26ea6b114e6fff3c,0.0,6.5,7.95,2.0,2.0,0.5262660539398195,0.9960693998255431,0.7505646802686353
0858f39570fc54992ae282ddb6107b9c,8.9,0.0,7.54,2.0,2.0,0.6413110389370443,0.0,0.7754655098002863
0af3043c5906684b3afc97f387c94430,7.533333333333332,5.3,7.639130434782608,2.0,2.0,0.7630712021421125,0.7160912601323319,0.7934645129034317
0baa632a28ce8448d8823328c5c84d32,7.82,0.0,7.914285714285714,2.0,1.5,0.8170055519120425,0.0,0.8354737369704812
0c07c4116c86821583827c3b1ce46dfc,8.266666666666667,0.0,7.19375,2.0,1.0,0.8021804631765117,0.9854716720209349,0.7724451630746973
0c40c3cc2c1f83daedae3d976fbca863,8.47,7.6499999999999995,8.672,2.0,2.0,0.9976509478118417,0.692326021743293,0.9976723294257813
0cc9f42765b9b45dfb5aec45dbe3814f,8.336,7.3,8.474,2.0,2.0,0.9973635193498288,0.6271575025191816,0.9975359019637043
0d9b2c4835426455a696e34fda8d1bc7,6.5375,0.0,7.529411764705882,2.0,2.0,0.922796867303069,0.9744537582707486,0.8623008105865583
0ddca27a22db612b3fb0ac4cf3b2bd04,8.398,8.0,8.504,2.0,2.0,0.9974058038848583,0.99079124128855,0.9978098206497458
0f070dedd2e6f89d15f5180d5e77fbd3,7.671428571428571,0.0,7.840000000000001,2.0,2.0,0.7595254558219687,0.0,0.7674068676467459
0f5d523e22bc6d0a8cadcdfcb2d66105,8.052,0.0,7.92,2.0,2.0,0.9677698559339094,0.47969012616215984,0.9959223199701202
0f6728e92437a8e0bd6be2a5df846d1e,8.179166666666667,0.0,8.135714285714286,2.0,2.0,0.995755675855968,0.9945996354842599,0.9966259874970231
0f97857ffbd37f182df8e1f08ec4e63c,8.118518518518519,0.0,7.908695652173913,2.0,2.0,0.8952539199625557,0.9945996354842599,0.9950860583367018
0fe8b60308ef57c09804999d147c1b75,8.9,0.0,7.59375,2.0,2.0,0.6708550151237596,0.0,0.782438687424207
10ff2e6c55afcbba5b973ce0b2655d98,8.452,7.3,8.55,2.0,2.0,0.9973049592579197,0.6271575025191816,0.9977055187966726
110873bf105faf68bd53a107f3ab3854,7.984,7.8,8.288,2.0,2.0,0.9958128204582687,0.9933315426674894,0.9963641682445801
11b81031b4ea4395876c7a7dbf4f14da,8.062000000000001,7.866666666666667,8.027999999999999,2.0,2.0,0.9956114503329574,0.8436820522094335,0.9962816203221071
11bc96117914486849cfc05ca333757e,8.476,7.3,8.66,2.0,2.0,0.9977221666702125,0.6256190275907103,0.9978265748994746
12427ad00c4bdecd83f81ba8de56aee0,7.766666666666667,0.0,7.5227272727272725,2.0,2.0,0.8183578643646703,0.9894528008850498,0.8022277833329787
128976b8ab791b64fb935e7861d30fcd,8.334,7.3,8.44,2.0,2.0,0.9968748271386932,0.5461501275332307,0.9970194455673043
13088b02393576a563630e8eacb9458f,6.92,0.0,7.45,1.0,2.0,0.9090123357696704,0.0,0.8470145522626215
13982c42b902de96b040d3188c19220c,7.665909090909091,7.949999999999999,8.058,2.0,2.0,0.9735413696998064,0.9033146820415718,0.9948054911388635
14473b2e08e9d3fa04ad2ff5ae86a936,8.38,7.3,8.544,2.0,2.0,0.997310490819735,0.6271575025191816,0.9976293534455247
1496a62a245749a209e74d8a3552b822,8.532,7.699999999999999,8.65,2.0,2.0,0.9977421653936983,0.7277514201221199,0.9978539667680786
149e7a50ec80ce4e5addbe875df7c0ff,7.843902439024391,7.949999999999999,7.954166666666667,2.0,2.0,0.9070627406761271,0.8576976711351114,0.9946699146862966
14cb0473ca0b8a57edbdc25ae6679710,5.8,0.0,7.08,2.0,1.0,0.8717932565474544,0.0,0.7914771138116249
15a113cf10b673d93cfd871aeb3fb71a,7.771428571428571,0.0,7.852941176470588,2.0,2.0,0.6273050390400613,0.6090967597812905,0.9596555893595444
15c1fe1e6905d3c2c75149c7fd8e9b1f,7.9875,7.5,8.005555555555555,2.0,2.0,0.737050028721571,0.9983192562176882,0.9076570644426951
15c2c27d8a652ded0b756607b4577153,8.134,8.2,8.527999999999999,2.0,2.0,0.997043539774057,0.6565334482196171,0.997686956151735
15e9bcc8527d8e07220ea3e49bb774f3,8.246,7.949999999999999,8.324,2.0,2.0,0.9975030849094739,0.9906332810908052,0.9978251388209263
16792b84fd889a2b1428e2659ff699bd,8.9,6.5,7.640000000000001,2.0,2.0,0.6292394710368031,0.9960693998255431,0.7899140480394868
16aa1ecb3616ddbb12d7c8c5d69cdca5,5.92,0.0,7.453571428571428,2.0,1.5,0.9329997021466716,0.0,0.8192037210390827
1721eed8c29811f61fb32b4ae493aea2,8.42,7.3,8.542,2.0,2.0,0.9972763972512392,0.6271575025191816,0.9976900942493032
17811174d4c7ed6b666c826fefd30903,8.304,8.2,8.522,2.0,2.0,0.9968037678446057,0.6565334482196171,0.9979366210667405
1a3bb31080ba77d41404c93e0c0f0299,7.863157894736842,6.4,7.858823529411764,2.0,2.0,0.8108300534008468,0.727547975661128,0.892419154096547
1b133f13590a2a152dac4882e7847fdf,5.4,0.0,7.0736842105263165,2.0,1.0,0.7999329830010851,0.0,0.8447055198261196
1b3506fe59b23039bab3dc8f524f625a,8.472000000000001,7.3,8.606,2.0,2.0,0.9974849477692913,0.7708460763142778,0.9975978129055592
1b7595a5ef1aa93fd04991fdcfd290c7,7.6499999999999995,0.0,7.509090909090909,2.0,2.0,0.62966278748165,0.24373976129183245,0.7697985234985001
1b8034523fc4ba1cb205dd612e37496f,8.384,7.3,8.426,2.0,2.0,0.9968687105078399,0.6012701316937218,0.9970364125694104
1c9dc37c9f4ad22a9af38194caccf874,8.37,7.1,8.544,2.0,2.0,0.9975437206135779,0.558559366616831,0.997825245197115
1db0822ee66df4367df7cd46b9192aa9,5.866666666666666,0.0,7.5625,2.0,1.0,0.9364799212973798,0.0,0.8045749739378337
1ea7b39786ac4c6dc9d96572f92ce385,7.766666666666667,0.0,7.422727272727273,2.0,2.0,0.8310655498763454,0.6879906601706274,0.8222822479416207
1f7e478c3787e14b5f4ca1f1f831a3c1,0.0,0.0,7.76,2.0,2.0,0.6069825330298066,0.0,0.8396285242178058
1fcaa8749188138a506a8e3aa212814e,8.236363636363636,0.0,7.921951219512195,2.0,2.0,0.8797442716422356,0.995808778163096,0.9953075335616876
1fd680ff48ed74e28e852392f5960c12,7.909523809523809,6.8,8.109375,2.0,2.0,0.9814247228900282,0.49357411836934423,0.9955777138845241
21427543e2b9bc804d0371739e92659f,8.546,7.449999999999999,8.62,2.0,2.0,0.9975886645533264,0.7427149234188146,0.9978070548688381
218ecf89b7207d4afc4b1bff57a62b39,8.344,7.3,8.594,2.0,2.0,0.9977062102418995,0.5952060240835692,0.9977896091738825
219e8731373e3b8bab74900980345ac8,7.967441860465117,0.0,8.347999999999999,2.0,2.0,0.9188392762164118,0.49301684644242566,0.9969997127842903
2305bf148ac27c0077186f3cf4c0ffbb,8.474,7.599999999999999,8.66,2.0,2.0,0.9977514201221198,0.6522072299336517,0.9978265748994746
231ee9c34523272a9d7971b2605178d3,8.372,7.3,8.544,2.0,2.0,0.997273684658426,0.6271575025191816,0.9976293534455247
2412de399716b248629d2578c30d0b70,7.7125,0.0,7.70625,1.5,2.0,0.7629100802076463,0.9744537582707486,0.8217804182711741
2459061a75c4d843bac38e5962b579e4,0.0,0.0,6.671428571428572,2.0,1.0,0.6553807070825266,0.0,0.8234024512619761
24638b3101e7b7ff2adb4eab64b77760,8.476,7.3,8.644,2.0,2.0,0.9977221666702125,0.6574422997822834,0.9978548177775886
24679ae65b0980fd9303ac53387c85a7,7.92,5.3,7.679310344827586,2.0,2.0,0.8393801749598189,0.7160912601323319,0.9056186720942162
2484843caa7b9663cbcd8fe8025e3fda,7.940425531914894,0.0,8.52,2.0,2.0,0.9441350552092419,0.49301684644242566,0.9969816288322022
24c24e616d1161659636c7661f7a1f7d,7.304347826086956,8.2,7.7562500000000005,2.0,2.0,0.8294891283535094,0.7386824599848237,0.9950717241452673
24df364027761819cd8c0c60da946a78,7.45,0.0,7.57037037037037,2.0,2.0,0.7594214958807822,0.5850433305675524,0.8294921068867944
256b6464a04ba858d8a5122607eba8c0,7.92,6.5,7.757692307692308,2.0,2.0,0.636607556964449,0.6199045805586878,0.7651975405825161
25a130c9cfae8ee8b39a38d3c4698175,7.722222222222222,0.0,7.3428571428571425,2.0,2.0,0.7812059858085802,0.9854716720209349,0.8230894836499797
25b9117c7543fb5fbb32dc2ff13e0d99,7.8500000000000005,6.5,7.953333333333333,2.0,2.0,0.6672925132438355,0.5675098752561893,0.9921985284435554
26635f05b6e0328057285ea43d844363,5.857142857142857,7.9,7.508108108108108,2.0,2.0,0.8948725304424632,0.8169856179392806,0.8609126013233198
2786355796d2e4120c175fa439794ae9,6.262499999999999,7.9,7.460000000000001,2.0,2.0,0.9322914672113127,0.9905732967399244,0.854960640810161
2977b85d6a3a572ce86d1376fc62048f,7.7285714285714295,7.949999999999999,7.822,2.0,2.0,0.9205322000723357,0.8576976711351114,0.9868919537050825
2a2ea60ba5d2b374589dcfab27a2160e,7.333333333333333,7.9,7.1695652173913045,2.0,1.0,0.7974267599940429,0.7439157252373962,0.8505411048790839
2b4f9b13dd287d944a25e400eb144f1b,7.811111111111111,6.5,7.953846153846154,2.0,2.0,0.6361862540688893,0.5875656872965556,0.8640819734910538
2b94135a7fddb4b8c6366f96b72b52be,8.412,7.3,8.594,2.0,2.0,0.9969805650703146,0.5952060240835692,0.9972442184541412
2ba7e8a05a2242ef8d66f88b8d1c70b4,7.949999999999999,0.0,6.975,2.0,1.5,0.8214391001181535,0.9854716720209349,0.7526757702863484
2c71223d86e73df9207c3fbe5b81a1d6,8.216000000000001,8.0,8.306000000000001,2.0,2.0,0.9973574559070697,0.9916278140301075,0.9975404229517265
2caa169946b51c132094aa06e634fcad,7.807317073170732,7.8,7.6121951219512205,2.0,2.0,0.9388318830712933,0.8049442987681638,0.9788595408803694
2cb5d3963cc48e401f45182fca80e7cc,8.092,7.8,7.717142857142858,2.0,2.0,0.8846961896049188,0.9938269897666107,0.9944931706486819
2d4da9415d0cdf0f996765ddd637942f,7.985714285714286,0.0,8.026666666666667,2.0,2.0,0.6739020589805091,0.0,0.8165049852887989
2e473d24c0be215bec2cb51d9755a574,7.984999999999999,0.0,7.786046511627907,2.0,2.0,0.848891932429845,0.9966119183881881,0.9642272833648916
2e6f52f47d12de5f800f3ec732114ecd,6.142857142857143,0.0,7.4875,2.0,1.0,0.9493443749089665,0.0,0.8124631406505968
2f01326108355b3313a566408746fca6,8.488,7.3,8.677999999999999,2.0,2.0,0.9974537795459864,0.6574422997822834,0.9976513201285024
3007da6e68ee6d7666da692c8c7d672d,7.75,0.0,7.159999999999999,2.0,1.0,0.665936596752183,0.8137725251579686,0.7524223852732804
30527cbb6b8450a98f14c30b9bcfdfd1,8.22,0.0,7.258823529411765,2.0,2.0,0.801125329260734,0.9854716720209349,0.8062142841946259
30659032c2a35a4d7311a0e1933d4e89,8.13,7.1,8.484,2.0,2.0,0.9966551603089164,0.5664462906622981,0.9971078441801587
306d129bbe946a0cfdbeda0257d9f90f,0.0,0.0,7.7,2.0,1.0,0.6928979267280811,0.42299959577048274,0.7223532717769788
31578db5c5ecc8491f076cf2023ccc7d,7.685714285714285,5.3,7.533333333333334,2.0,2.0,0.7559278796034297,0.7160912601323319,0.8471420441248431
3208065383489e5e7f695f30fa9a1293,8.472000000000001,7.3,8.652000000000001,2.0,2.0,0.9974033040444228,0.6271575025191816,0.9976597238474141
32a39e2eafdfec534f7e1464f3a2709b,7.751724137931035,7.5,8.0,2.0,2.0,0.965537344120892,0.5519102504095483,0.9955748869275666
32d65b1576a27f221db7a9e1cd2f7067,8.37,7.3,8.55,2.0,2.0,0.9973639448545838,0.6271575025191816,0.9976740846328959
33892e3dfaba2fa8af4f2c7028049c67,8.434,7.3,8.628,2.0,2.0,0.9975335084994574,0.6271575025191816,0.9976806267685042
3439a45af8811fd1c65c7e67d2614816,7.6325,7.949999999999999,7.920408163265306,2.0,2.0,0.9728597110822713,0.8936190834154795,0.9951421185881751
35105e66f545c859bab1caff9de2202f,8.374,7.3,8.42,2.0,2.0,0.9968560517413781,0.5906910197221454,0.9971827862051359
35576bfcb14af1859eea3c6970e6b163,8.272,7.3,8.443999999999999,2.0,2.0,0.9967604727357827,0.5906910197221454,0.997174488862413
360b8beb20716998aea9c9a9bbe9720f,7.0,0.0,6.8999999999999995,2.0,1.0,0.6981655426249389,0.0,0.7628178875107263
36dda7b4926cb240dfa3a353945da2dd,7.985714285714286,0.0,8.083333333333334,2.0,2.0,0.691508957634923,0.0,0.8160839677646555
37d89cc58470d6b3c7bd6f4644fce078,7.433333333333334,0.0,7.261904761904762,2.0,2.0,0.7475663545091794,0.9974150586132801,0.7994841818607322
37f6c13ef321ee815c8b8df619fe3374,8.148979591836735,7.8,8.087755102040816,2.0,2.0,0.9971690636767866,0.9176044234258603,0.9973328298193732
38b7229e2a9b7dcd954c5003bfb56e63,8.077777777777778,0.0,7.942857142857143,2.0,2.0,0.9454124204837988,0.9844837031678829,0.9960918452013701
38cdb34cfc82a1860bab64a1f78149bc,0.0,6.5,7.3999999999999995,2.0,2.0,0.591753451907325,0.9960693998255431,0.736389726523615
3a5f8976601a8e4523c2e09afb3f13ac,0.0,6.5,7.209090909090909,2.0,1.5,0.6201733013173241,0.9960693998255431,0.8008453303941477
3a6b39595384c58f2d3dfd92496b0d7a,8.15,6.5,7.631578947368421,2.0,2.0,0.6195793885496671,0.6199045805586878,0.7403051400974405
3ad1c6be872e2c947e5da9e72893787d,7.333333333333333,0.0,6.8125,2.0,1.0,0.760246072672939,0.0,0.8686957149011765
3cb295a739ceb52f19ee874cdb27933a,0.0,0.0,8.0,2.0,2.0,0.5162901836053018,0.0,0.8365774804967656
3d957a8133c0864d7d1f882a86c9462e,6.75,0.0,6.722222222222222,2.0,1.0,0.7426311219496629,0.42299959577048274,0.7955591487068201
3de3303cc39dc978396676413e161261,7.92,0.0,7.45,2.0,2.0,0.6135647724613322,0.24373976129183245,0.7629707678233304
3f41a259ee828855d58f51842c4c1142,7.625,5.3,7.57391304347826,2.0,2.0,0.7801037113288459,0.7160912601323319,0.8151673829330042
3fa0fc23273ba6b0e9715ee6d1c6bfe9,7.933333333333334,6.5,7.473684210526316,2.0,1.0,0.6260690275088824,0.9960693998255431,0.7066537774184627
410f1baccd30d330aca8009211c62fbe,7.87948717948718,8.2,8.228,2.0,2.0,0.9698891213234309,0.7008412836870594,0.9973253834861605
411d21d347d179d9dffa8890d1022750,7.7631578947368425,7.8,7.545,2.0,2.0,0.9306494266323426,0.8703784864795864,0.9549117609514286
412fb0879206a060f7c1f89066f24059,7.692105263157895,7.866666666666667,7.636585365853659,2.0,2.0,0.9082063910814203,0.8273606058242146,0.9780892177095079
4326dca702aa6708071d3c0c6886ffa6,7.861538461538462,0.0,7.73103448275862,2.0,2.0,0.8052320064676722,0.995808778163096,0.8872300704210369
44d8b70f1bf65c2a5302b8074964e003,6.55,7.7,7.484999999999999,2.0,2.0,0.9319290457523988,0.9863253409356849,0.8977016360657831
4566bdaafaefa59d531d3c37d3d9eec7,8.9,6.5,7.54,2.0,2.0,0.6195052044550348,0.9960693998255431,0.7628630879604335
481f4d97b3bbe0c5ab55576e6b0d424d,8.424,7.3,8.604,2.0,2.0,0.9973564453332766,0.6271575025191816,0.9975349977661
4837fe40ddd7364168fc5766a060e6dc,5.8,0.0,7.1000000000000005,2.0,1.0,0.8179198668170117,0.0,0.7965498172586019
48b6902234b2c85bcfd40df4593101a4,8.009302325581395,7.8,8.151162790697674,2.0,2.0,0.9966326508902819,0.9905901396364771,0.9970884044974948
48c3a40d383d13e41cf4d4f193d3b7fb,7.6380952380952385,0.0,7.957446808510638,2.0,2.0,0.7519290258068634,0.39325574963300214,0.9951717443567432
49d80b6a74d65d16f6e0f5bd0dfdb9bc,8.426,7.3,8.626,2.0,2.0,0.9976420122119865,0.6271575025191816,0.997846679999149
4a2da4a9a871d905c90dd01a19a30362,7.8500000000000005,0.0,7.788888888888888,2.0,1.0,0.7679136393776284,0.24373976129183245,0.7782004542769814
4a66d92176430f0d571163aca6280881,8.498,7.3,8.68,2.0,2.0,0.9975668042465375,0.6574422997822834,0.9976778077995021
4b2f719acc84ea16781b5712b303d345,0.0,0.0,7.3933333333333335,2.0,1.0,0.9096442868894893,0.0,0.7578521417515903
4b4315cfa207008c49fd231b5f8dd61d,7.99,7.95,8.214,2.0,2.0,0.9843683913792737,0.8576976711351114,0.9967672808118632
4b7cf8dd3184bac628596bb96541be2b,7.125,0.0,7.56,2.0,1.5,0.8573880922494309,0.0,0.7884472185899755
4c4db03e2ac6eb77f5da4ca584da33a0,7.753571428571428,6.8,7.807894736842105,2.0,2.0,0.9475186234313311,0.5658122885773248,0.9964538104457364
4f49347fe0093bcca50d67975fea91f1,8.48,8.0,8.564,2.0,2.0,0.9976770099780865,0.9276356030466141,0.9977287619939154
4fb2d710c4c0bcbfd820658a7cf3582b,7.625,0.0,7.859999999999999,2.0,2.0,0.5899746425760057,0.0,0.7289714959092445
4ff44d155d6800e531b4f0b3282d1335,7.814285714285715,0.0,7.69655172413793,2.0,2.0,0.6279313022573028,0.24373976129183245,0.8137849179839585
50ea374a6308157d7116b3f28235a516,8.264,7.95,8.488,2.0,2.0,0.9961771057166564,0.9649759057932472,0.9972070399761718
50ea990cfdc81a1f6ab2a9efa48df647,7.940816326530613,7.95,8.110204081632652,2.0,2.0,0.9836538093313193,0.8576976711351114,0.9963611365232006
512ca6395b9e7115aa29a336c64003d1,7.96,7.8,7.912765957446808,2.0,2.0,0.9740000638257132,0.9938269897666107,0.9852191349488331
514b25abca3bb965234ef90ca1292772,8.35,0.0,6.96875,2.0,2.0,0.85004539668543,0.9854716720209349,0.76260588057242
5310a0886a2d1ac8cf169d8e5b183896,7.8088235294117645,0.0,8.272,2.0,2.0,0.8622181562878966,0.39325574963300214,0.9964417696742761
5617ccab3a3e186849269a726d3a0a5b,8.55,7.699999999999999,8.604,2.0,2.0,0.9975696764036338,0.8273919277020143,0.9978710933344681
562aebeda4804551ed6ae565c87ebcc2,7.1,0.0,7.043478260869565,2.0,2.0,0.7706588694739893,0.9854716720209349,0.8001591919664702
56786b46a0dfa1a1fc86f743f7af79ab,8.029032258064516,7.8,7.835714285714286,2.0,2.0,0.9008484032934068,0.9938269897666107,0.9948899006446398
56ae05b2d0a5dbaa1b922a7cd4251c8c,8.454,7.3,8.618,2.0,2.0,0.9977270599748952,0.6271575025191816,0.9978632746845946
56c4f1d888b9261c4a9b3d19cbf3598e,7.968421052631579,7.3,8.138,2.0,2.0,0.9514283662744931,0.5384164308661149,0.9955498053315747
57c9a1470ab221967af26469f843acae,5.8,0.0,7.013333333333334,2.0,1.0,0.8152145873667638,0.0,0.8388194125088579
585a9dd789a82b7b2efc962c88046239,5.8,0.0,7.159090909090909,2.0,1.0,0.8846465473835003,0.0,0.7976431088998371
587969d961f9b00ee9c3c192c0277320,8.44,7.3,8.586,2.0,2.0,0.9975317532923431,0.6271575025191816,0.9977616322362403
59429b338a7665dcdfcbd5270c3189a5,8.418,7.3,8.607999999999999,2.0,2.0,0.9975400506350658,0.6271575025191816,0.9977483884007404
59cfef6dde0ede6816726679a3a0aaa2,5.4,5.3,7.1125,2.0,1.5,0.6054594387592281,0.7160912601323319,0.7245947953676716
5ae9e5c04488fb16dd5963b238664aa5,8.078000000000001,7.949999999999999,8.56,2.0,2.0,0.9769392911090782,0.9113608319004783,0.9966236197689509
5b47c24e954a6cf7049e5225843388cc,7.315625,7.9,7.740816326530613,2.0,2.0,0.8984222815564964,0.7439157252373962,0.9844383337233793
5c124b877f162f6abd5bd7b8819b8678,5.857142857142857,7.9,7.460975609756097,2.0,2.0,0.8965610028760252,0.8169856179392806,0.8739938408186712
5e36f41e1252297e4f8dac3fce41be46,8.33,7.3,8.524,2.0,2.0,0.9974121864561836,0.6271575025191816,0.9977113162989596
5ed06b9293e8370e456adc02d89e1a97,0.0,0.0,6.8999999999999995,2.0,1.5,0.5977065293704658,0.0,0.7420352728245309
5fa5584d4d8f8dce2071b928989eb476,8.488,7.599999999999999,8.677999999999999,2.0,2.0,0.9977266344701402,0.6836278044445608,0.9978176392996191
60a0fd290c05ab5abf19be4221c38d65,8.522,7.3,8.693999999999999,2.0,2.0,0.9975308490947387,0.6574422997822834,0.9975879731080995
60bbbc2774116b2faaa9f7a8357fc35f,8.15,6.5,7.44,2.0,1.5,0.6259210050422314,0.9960693998255431,0.7362166244707785
6108dfa3fbde59260f4ed9e008e39d88,7.728571428571429,0.0,7.617241379310345,2.0,1.0,0.8097006784854978,0.9894528008850498,0.9325227645043934
623402d635eed864e0856d173bc1cf8a,7.923076923076923,7.5,7.9512820512820515,2.0,2.0,0.9822557070825266,0.6372066676595111,0.9963479583240726
62c4fbd3bd3bd67fc308fc6215b9056a,7.5249999999999995,0.0,7.8,1.0,1.5,0.8132814217532214,0.0,0.7673156500648894
62f39a1526ab1e751dde2f508439439f,8.464,7.3,8.422,2.0,2.0,0.9972318256281514,0.6500891565431994,0.997565900048933
637df9d7130f3194044e9e1891c240e9,8.522,7.3,8.684,2.0,2.0,0.9973736250877603,0.6708739335787077,0.9974676616386188
63b7edd173f2c591d31d6c353c47bc9e,7.964583333333334,7.8,7.872727272727272,2.0,2.0,0.9902270067868009,0.9933315426674894,0.9960221687977363
63fd9646ea2067a76d5c3bbe85c60f0d,7.985714285714286,0.0,8.05625,2.0,2.0,0.6910592333012178,0.0,0.8261532041370562
6453b62750218cee9e871a0e4e647216,0.0,6.5,7.925,2.0,2.0,0.5051432887262515,0.9960693998255431,0.7546273642107951
64d9119446f0766f7a6dfe098ab9711e,7.25,5.3,7.4363636363636365,2.0,1.5,0.6090503936381488,0.7160912601323319,0.7775234391533798
65045dbf2f556e03b40428ee0470c28c,7.545454545454546,7.9,7.65625,2.0,2.0,0.8618988681573516,0.778944581044979,0.9840356466608514
650d2175e33a916145247a356e72d7a4,0.0,0.0,6.8,2.0,1.5,0.6391243644022722,0.0,0.8239194838627322
65e05d4cbe334ce8c884fd37ed00b328,7.966666666666666,0.0,7.552631578947368,2.0,2.0,0.6282499107621973,0.24373976129183245,0.7659248953714201
65f322c4c27c55b7bbd5cac5ce8ca6f4,8.9,6.5,7.5470588235294125,2.0,2.0,0.6616087574957222,0.9960693998255431,0.7890234110866189
66f2a4f6246b00ef6791fba77ef6629d,8.527999999999999,7.699999999999999,8.68,2.0,2.0,0.9975635597727804,0.6834661944654924,0.9977647171457141
67cf5356223b4cdd7d63037b97913d1b,7.764705882352941,6.5,7.989473684210527,2.0,2.0,0.6990048507542072,0.493724691331759,0.9781717688883949
68f2c23c20a21eeaf3578b9dedad5ec9,8.155555555555557,0.0,8.047058823529412,2.0,2.0,0.7363981246437797,0.0,0.8068728282957917
6910652fda628790ce2c55f352706a9c,7.945454545454546,0.0,7.491428571428571,2.0,2.0,0.8388116715954301,0.9966119183881881,0.9641205880475714
6a9fec262669a8655ed0199316c51c37,7.48918918918919,7.949999999999999,7.86,2.0,2.0,0.9456290024041019,0.8936190834154795,0.9865697402293471
6aa5f68930b1c3216094398700ab6c57,8.9,0.0,7.66,2.0,2.0,0.6732587927518304,0.0,0.7818914414197525
6cae528f05baf1a1d34d5a3991ff68ac,7.75,0.0,7.177777777777777,2.0,1.0,0.6260373242759223,0.8137725251579686,0.8043054875929906
6d5387f719962ba977b4e97de22bd41f,0.0,0.0,0.0,2.0,1.0,0.3481705954939046,0.9843440844201434,0.2167436121098653
6d9592273f520fc85d1201f1f153e850,6.142857142857143,0.0,7.52258064516129,2.0,1.0,0.9493443749089665,0.9744537582707486,0.8123425100525499
6e0bc745f53a2806d9499b8737557d11,6.92,0.0,7.4,1.0,1.5,0.8671427001113404,0.0,0.8605235304129524
6e24e28ee6a13e80fd699b5274b459e8,8.488,7.3,8.677999999999999,2.0,2.0,0.9977266344701402,0.6574422997822834,0.9977653554028467
6e6a4f1e836bdb6c63a22d27b1a02c6d,7.830232558139534,7.866666666666667,7.839024390243902,2.0,2.0,0.9501874348445845,0.8436820522094335,0.9948172988958152
6e81b69e9b5f71458f07d4ce5fa18fe0,7.795555555555556,7.1,8.202,2.0,2.0,0.9825094674807991,0.46869120815996546,0.9968908899431951
6ed18f96a3ca8d1966378026d231cb32,7.074999999999999,0.0,7.2,1.0,0.0,0.9532511222687914,0.0,0.8290368433929749
70a5262d46266753caed1fcf835814b5,7.3,0.0,7.06875,2.0,1.0,0.8235260196682874,0.9751345658787737,0.7972154718866236
70fa8d4e4d0e315c7170f44cd57625b7,7.734090909090909,7.949999999999999,8.28,2.0,2.0,0.9543022253898686,0.9033146820415718,0.9955036912537497
710e516a568381d753fc73954d75421c,7.85,0.0,8.033333333333333,2.0,1.0,0.7213139810784753,0.6090967597812905,0.9413948045869412
71832590197368d3e05c382e69ff8a64,8.266666666666667,0.0,7.158823529411765,2.0,2.0,0.7866451072772429,0.9854716720209349,0.7716844669489181
7386e354edbb081c386cfeb5f16a3345,8.088888888888889,7.95,8.206818181818182,2.0,2.0,0.9965931429908729,0.9134482228407085,0.9972607045924554
739ceb4a3c815948b1a197efffb66085,7.9375,7.949999999999999,8.08095238095238,2.0,2.0,0.9684033465948981,0.8576976711351114,0.9965575986322285
73def5bd0101387acaa1ea4853ccd89a,8.033999999999999,7.949999999999999,8.336,2.0,2.0,0.9963634767993532,0.9113608319004783,0.9971514584175477
7453412657f49323a04eecac13df72de,0.0,0.0,7.233333333333333,2.0,1.0,0.7490670808246283,0.42299959577048274,0.7384724055541321
75db5d57566cc06f7664b91d1ab56c51,7.946938775510204,7.8,8.052,2.0,2.0,0.9754219943407867,0.9933315426674894,0.9949491521817757
7679bd6bc9a7f42702f3066b48a5d0e0,8.33,7.3,8.466000000000001,2.0,2.0,0.9974183562751314,0.6271575025191816,0.9975054783737208
77a0f47739d45c04305705ca33ae8bf5,8.504,7.3,8.64,2.0,2.0,0.9972869816820203,0.6500891565431994,0.9975854200795693
77aa5d494acb9a3253dd4a4f2cf30e12,7.776190476190477,0.0,8.072093023255814,2.0,2.0,0.7402942365380933,0.48543975916430865,0.9882571857115504
78e75ce0a100d0137b9e3025077cae83,8.552,7.699999999999999,8.687999999999999,2.0,2.0,0.9976114290577197,0.8842662525087052,0.99780732080931
79644c45b412cb483fcf7b922ad29f8a,7.825,0.0,7.876190476190477,2.0,2.0,0.6404468990327872,0.24373976129183245,0.9601192629041915
7b0aba1a39b4eaeee1b575998d5cab9b,7.8533333333333335,7.5,8.039285714285715,2.0,2.0,0.7933463973424189,0.705864519286003,0.9142581989447482
7b50c5e11ea7806c5acd67faec766831,7.99,8.2,8.067567567567568,2.0,2.0,0.7661510967385061,0.7386824599848237,0.9950247740893504
7b71b17640975e2daf43a9e935799dc1,6.5,0.0,6.775,2.0,1.5,0.7908715046557312,0.0,0.8985430451247792
7bb7f240921199a26c70ca58df9d9964,6.766666666666667,8.0,7.3805555555555555,2.0,2.0,0.9086150751015893,0.8653193869084345,0.8695775269663639
7c74633c0a25be37e476016517c052ea,7.92,6.5,7.664285714285714,2.0,2.0,0.6240565495819416,0.6199045805586878,0.8207127736527455
7cad2bed83414886e94e9f3852750b02,7.977777777777778,0.0,7.326086956521739,2.0,2.0,0.760569763522365,0.9854716720209349,0.82882661744995
7cc58f9897bbc0c9b5eb09a9a2a86329,8.5,7.6499999999999995,8.662,2.0,2.0,0.9975976001531817,0.692326021743293,0.9978819968938153
7d770c78d187f3e02796b4e835f76809,8.28,7.949999999999999,8.5,2.0,2.0,0.9959615343701467,0.9134482228407085,0.9970592302618982
7e14d0b62e3c42875d114aa46e370fd0,8.394,7.3,8.51,2.0,2.0,0.9969187073165543,0.6271575025191816,0.9971810841861157
7e44262962a7ae7083b03d4d40be8120,8.44,7.3,8.604,2.0,2.0,0.9975317532923431,0.6271575025191816,0.9977423781460757
7e50d19a9f3bd5105a2f384d85194519,7.924489795918368,7.8,7.876595744680851,2.0,2.0,0.9911151415867071,0.9933315426674894,0.9961929025806863
7ea5cae4a25e429c7c341cb0e3dd2caf,8.52,7.699999999999999,8.692,2.0,2.0,0.9975977597174648,0.7052984459958483,0.9976847222517712
802a950e251aac934c7c0e382fbea282,7.966666666666666,0.0,7.071428571428571,2.0,2.0,0.8600199207676403,0.9854716720209349,0.7781057773134445
815f23bfec6e706679694ddbba4fed81,8.427999999999999,7.8,8.568,2.0,2.0,0.9976521179499181,0.9905901396364771,0.9974004318873263
8382d32e7725c746e331dfac37e28800,7.932608695652173,7.949999999999999,7.993181818181818,2.0,2.0,0.9672385273280429,0.8576976711351114,0.9951361083335106
8402f061ccbc21621e6130d54f0f2712,7.965217391304347,7.949999999999999,8.076315789473684,2.0,2.0,0.9619439716613833,0.8576976711351114,0.9955990988754855
86467c41b30e470c56fb762eab15fac8,6.992307692307692,8.2,7.530952380952381,2.0,2.0,0.8997689767933157,0.9861538093313192,0.9216714358657958
86933ae58845264c4df1d2380867bd48,8.466000000000001,7.1,8.66,2.0,2.0,0.9975743037678445,0.558559366616831,0.9977384422270918
8b5152dee25a712e95c1d5166106da0f,8.062000000000001,7.949999999999999,8.214,2.0,2.0,0.9956114503329574,0.8660662997194708,0.9964894262068378
8bdfe448ba1aabb1ec0be00b19a38e8d,6.8,0.0,6.3500000000000005,2.0,1.0,0.687197492713231,0.0,0.7578547180499117
8ccb9e87988d980a65b293559465106c,8.378,7.3,8.443999999999999,2.0,2.0,0.9973343190860158,0.6012701316937218,0.9972902793438716
8d13d393ace4f1e7585cf637e2046c9b,8.19,0.0,7.408333333333334,2.0,2.0,0.790604197551698,0.9854716720209349,0.8461824777141885
8df58ee2c013b59126c1efbfff9e4015,8.464,7.6499999999999995,8.66,2.0,2.0,0.9976833393613174,0.6255832279118027,0.9978265748994746
8e76c111b7d9c76e7c39288abcb4e0b0,8.1,7.5,8.071428571428571,2.0,2.0,0.7862755522542964,0.705864519286003,0.865650330829947
8ecf121c3ab53bb2d5a27f279c82d112,8.49,7.6499999999999995,8.662,2.0,2.0,0.9974973937833755,0.6248906984660554,0.9976098334148884
8f6782b3e83e3fbef4623c4dee0db8fc,6.75,0.0,6.771428571428571,2.0,2.0,0.7542008531945344,0.0,0.7370346041742016
905a85865efe20cca62cc8decd41ae50,8.508,7.6499999999999995,8.672,2.0,2.0,0.9976352573240006,0.6432643483749264,0.9977812054549711
90fa0da625b938205210480b4ac7962b,7.922448979591836,7.866666666666667,7.9879999999999995,2.0,2.0,0.9942394634385039,0.8436820522094335,0.9947026253643385
91fdb96ef4f3943947534504ede62bae,8.42,7.3,8.55,2.0,2.0,0.99736341297364,0.6271575025191816,0.9976863710826969
93af71fd89a2b5c3e8a5ba1aa2f29e2c,8.406,7.3,8.566,2.0,2.0,0.9969109418547752,0.5952060240835692,0.9972854924153778
93eae9fcfce9a2029372682052ab51c3,8.158,7.949999999999999,8.456,2.0,2.0,0.988228357764398,0.9134482228407084,0.9968632853222136
94badc4fa879e5966fd0a2261d057c4d,7.875,0.0,7.670588235294118,2.0,2.0,0.661032988034495,0.0,0.7679393257379226
94e402c93dfb7cbddef2793241e2d4d7,6.262499999999999,7.9,7.5055555555555555,2.0,2.0,0.9322914672113127,0.9986330659745123,0.854489660234453
94e5f5c27de40e0341b56899409c8a86,8.116,8.2,8.26590909090909,2.0,2.0,0.8636385798069627,0.8398857519732783,0.9958864327808863
9545faef8f05f1e04c1c3fe863d8f866,7.75,0.0,7.233333333333333,2.0,1.0,0.6593728059911069,0.8137725251579686,0.7766611971576283
95fdf93859f704dff5124fc05fb2d94f,8.034615384615385,0.0,7.766666666666666,2.0,2.0,0.8444136544475884,0.9966119183881881,0.9635455183711678
974449cb078b918a03db31a8b8cb0491,8.456,7.3,8.526,2.0,2.0,0.9973678275854732,0.6500891565431994,0.9975801544582261
9745f941fc9abdd418b07cb6296f15c0,8.334,7.3,8.568,2.0,2.0,0.9974619705125205,0.6271575025191816,0.9977098802204115
9829170cd16ed6e9cda9cef83af4c6eb,8.422,7.3,8.526,2.0,2.0,0.9972605471991148,0.6271575025191816,0.9976020679531094
9ec306e6d7a56100f1a2a0770bcb1455,7.897560975609756,7.949999999999999,8.106250000000001,2.0,2.0,0.9628334893517434,0.9921633991447354,0.9969396102376444
9ed458708a7e717d92a58ec43375d61e,7.925531914893617,7.8,7.865306122448979,2.0,2.0,0.9743244580133182,0.8703784864795864,0.994424451630747
9fb7767ba19d7e665b92c41d329a37de,7.96530612244898,7.8,8.158,2.0,2.0,0.9916202157309109,0.9933315426674894,0.9963852839180478
a03b583a4c6d4ace9cbd619e1955e58f,8.476,7.3,8.616,2.0,2.0,0.9975838244367381,0.5952060240835692,0.9977309427057847
a0791ee328d28e17bd311521f529cccf,8.522,7.3,8.664,2.0,2.0,0.9973736250877603,0.6500891565431994,0.9974822351764782
a1548171597de0c03c922c566938fa76,7.455555555555555,7.949999999999999,7.88,2.0,2.0,0.9638135331787333,0.8936190834154795,0.9865815479862988
a15c6b46db35dd912a911523fd4dd250,7.652500000000001,7.866666666666667,7.745833333333334,2.0,2.0,0.9022855456034721,0.8273606058242146,0.9914194838627322
a1ff1716121a13a32a4ee6a3875e4c7a,8.476,7.3,8.606,2.0,2.0,0.9973319256217689,0.5952060240835692,0.9977221134821181
a20efc6130c6b5a9f7a227c73d427106,7.75,0.0,7.33,2.0,1.0,0.6294046390655915,0.0,0.8148500465742705
a27e12241fffefb2c9c3a1ac7439193a,7.928571428571429,7.866666666666667,8.002,2.0,2.0,0.994028253515733,0.8436820522094335,0.9943342978107781
a31b051d36e31ae2d594bfd6226c2955,7.75,0.0,7.33,2.0,1.0,0.6107101786336147,0.0,0.8107334587559253
a4bac6da7fe741fd8dbe2e97f988420e,8.32,0.0,8.372,2.0,2.0,0.9968522753866774,0.8601199657468672,0.9972316128757739
a51cea773d95f9009ae1983d671310ff,6.92,0.0,6.8999999999999995,1.0,0.0,0.9572341127162095,0.0,0.8626422781524583
a55c54328f1d8edefac571516cfefcb1,7.152941176470588,7.9,7.479545454545455,2.0,2.0,0.8569045060953556,0.7439157252373962,0.930622673020871
a5ccef3ac4c6523f8f7e124f2dbecccb,7.449999999999999,0.0,6.533333333333334,2.0,1.0,0.7758809942982362,0.0,0.8079440598016541
a653570f7f625a352b81e7548e6107a9,8.152000000000001,7.1,8.613999999999999,2.0,2.0,0.9967086143437653,0.6168539109205795,0.9974636193434462
a7d1f88e61137a3884af3851039326c4,7.433333333333334,0.0,7.323529411764706,2.0,1.0,0.7859370242692586,0.6879906601706274,0.8155719847669297
a90475191431fa0504055cd3f9624f50,6.55,8.0,7.463888888888889,2.0,2.0,0.9088826130132004,0.8653193869084345,0.8572623555943238
a9387400ac151451dada53dbc85135c8,7.550000000000001,0.0,7.180952380952381,2.0,1.0,0.8214992156155766,0.5850433305675524,0.8332681312614983
a94ed61c374220ece6493538e63a6b10,8.266666666666667,0.0,7.24375,2.0,2.0,0.8021804631765117,0.9854716720209349,0.771807916515967
a9cc7aa966708420f4d8360a435eb38f,7.933333333333334,6.5,7.5125,2.0,1.0,0.6237946802154473,0.9960693998255431,0.7010693998255431
aa6d9edc68da484de646e48b7354db61,6.5,0.0,6.7700000000000005,2.0,1.0,0.8094876922749611,0.0,0.8701463064507641
aa804f5637c5b5228d7f1c3bf5f800e8,8.508,7.449999999999999,8.612,2.0,2.0,0.9975772291130354,0.7178305108184584,0.9977553028530093
aaa26c27fc316b71372ceb012d8890d7,7.2,0.0,6.5875,2.0,1.0,0.8010651580941793,0.9854716720209349,0.8317972105123989
aac91dcfebcf4143913803e1df988857,8.15,6.5,7.42608695652174,2.0,2.0,0.5989016658511158,0.9960693998255431,0.8030852286024296
ab63f92287505218ed77bb453e869afd,7.220000000000001,5.3,7.356521739130434,2.0,1.0,0.7448510378770149,0.7160912601323319,0.7973876135565816
ab8fc788a2862cc8cd9a9e64703efc56,8.338,7.3,8.51,2.0,2.0,0.9966426611067379,0.6271575025191816,0.9971247579941707
ab93779520ee111a90ac4df6c78bafb0,8.166666666666666,8.0,8.127083333333333,2.0,2.0,0.9968733711146097,0.8969174839903836,0.9977803012573665
abeef1501296f809e1d4627dfbd34e66,8.17,7.8,8.318,2.0,2.0,0.996334808416484,0.9905901396364771,0.9970484330787397
ac633e35f5cafd1e0b1970c3720fff9b,8.052631578947368,7.5,8.02051282051282,2.0,2.0,0.7636534902027531,0.5759836251586777,0.9047523030444866
acab2936b4d32b1cd7d5cda63597f0b0,8.156,7.949999999999999,8.416,2.0,2.0,0.9960071165670276,0.9185320174598784,0.9970776333425526
ad235479bd7b1c1e19a11b9a58ec49f3,0.0,0.0,7.4,2.0,1.0,0.790715043011439,0.0,0.6185983142033488
ad2be11652d6624b4d4c2fbd413bf528,8.03265306122449,7.3,8.304,2.0,2.0,0.9961876901474374,0.49211985139246434,0.996743718486054
ad6077e6c5f37838587c57e61b93f6d6,0.0,0.0,7.816666666666666,1.5,1.5,0.9243501934526976,0.0,0.7006001576607093
adb778577785d1168ab93a67034668b5,8.53,8.0,8.662,2.0,2.0,0.9975808990915473,0.8700073000659533,0.9978626364274621
ae89b64f9baa4ea2adbfb397a27fb1e5,8.498,7.3,8.672,2.0,2.0,0.9976190881433099,0.6574422997822834,0.9977343999319193
aee9ffe217c6051ab73fb6ad6d68d269,7.680000000000001,0.0,7.54,2.0,2.0,0.8739705976214285,0.6879906601706274,0.8953643384464821
aefadb9d06838462248e19a824090da5,7.7270270270270265,7.8,7.552380952380952,2.0,2.0,0.9073631470331681,0.7784256172098437,0.9909796715103292
aefe3eb74b7f6859882c62478418702f,7.944444444444445,8.2,8.324,2.0,2.0,0.8960095632193689,0.8398857519732783,0.9968277556751697
af101cd3cbdf20a3e08cda919d30ad83,8.322000000000001,7.3,8.326,2.0,2.0,0.9974448971342256,0.5906910197221454,0.997781630959726
af615593901f4c707b2f18e46dd7be6c,7.3,0.0,7.285714285714286,2.0,1.5,0.7441199036001293,0.3785662617279748,0.8007817373108213
af788d150baa69a07920ac23ad6b7526,7.91875,0.0,7.416666666666667,2.0,2.0,0.8267394845191551,0.9894528008850498,0.8866175031380976
afb911a0285187077bab05003f8e038e,7.233333333333333,0.0,7.625,2.0,1.0,0.5872864118095806,0.0,0.7327307122240424
afe517dbda3ea5bc95455bfde8304743,8.274,7.1,8.622,2.0,2.0,0.9965188924111227,0.6168539109205795,0.9973520307214433
b06e8b3b970597d134c8e46daa306347,7.722222222222222,0.0,7.876470588235295,2.0,2.0,0.7233192055623603,0.6090967597812905,0.8470911774334239
b0ed6af36d600a9d41330fe7b002317d,8.498,7.699999999999999,8.656,2.0,2.0,0.9975902070080633,0.7423830216511003,0.9978512009871711
b18db117450a24de10ebdc07f8d60721,7.597368421052631,7.866666666666667,7.566666666666667,2.0,2.0,0.9234802565793673,0.8273606058242146,0.9703981128864114
b2c28bd46a15f0a38db66792eb025600,7.972,7.95,8.18,2.0,2.0,0.9840483054273131,0.8576976711351114,0.9951874880326789
b2ea25d85b01372d388378f76ff342bb,8.366,8.0,8.47,2.0,2.0,0.9974886709358977,0.9916278140301075,0.9974220262536434
b319674709b72867b2f9a81d8cd5ee5d,7.825,0.0,7.87037037037037,2.0,2.0,0.6954862455587941,0.6176494053571049,0.8978963348843995
b3806cc7b78103eafb3703ac87c54701,5.4,5.3,7.044444444444444,2.0,1.0,0.7290220245989026,0.7160912601323319,0.7377168005824687
b44d44bb19e6b528731859810d023387,7.85,0.0,7.916666666666667,2.0,2.0,0.6380512414101228,0.48543975916430865,0.8611078921626099
b559c95a78c11f8c88120736ee3137cc,8.486,7.3,8.666,2.0,2.0,0.9977257302725359,0.6574422997822834,0.9977500372316661
b6286249591b1919fad70137912ae547,7.98695652173913,6.4,7.8515151515151524,2.0,2.0,0.8821602491647206,0.664720336999766,0.9540303984070492
b643f66e2bd3513d7d7376425aeba3e3,7.714634146341464,7.95,7.9879999999999995,2.0,2.0,0.8964409186647662,0.8576976711351114,0.9870200838244368
b6444db9caf8058bc94fc207ebbea301,7.781818181818181,0.0,7.952173913043478,2.0,2.0,0.7008512089653852,0.6090967597812905,0.9093121170116256
b6ae4c0c1a89e82a6f20af66612af829,7.806666666666667,0.0,7.496,2.0,2.0,0.8324167153862216,0.9894528008850498,0.8339557581430972
b75a971f9e7074b0fdc889855fcb98e9,8.222000000000001,7.949999999999999,8.26,2.0,2.0,0.9973638916664893,0.9649759057932472,0.9976981256515542
ba76f73ab1d040c634b7b319b6e784d6,8.023809523809524,7.5,8.013953488372094,2.0,2.0,0.7953889645341786,0.5759836251586777,0.9407528242878114
bb7ae494088165917b10648d1891f7f8,8.498,7.3,8.677999999999999,2.0,2.0,0.9975668042465375,0.6574422997822834,0.9976154713528923
bbc2bc4378ed920e8034be8f3e905443,7.3,8.0,7.764583333333333,2.0,2.0,0.9199396847009765,0.8471303250147154,0.972665787290173
bbe7a2ab620ae3320d04dedddcb9345d,5.4,0.0,6.766666666666667,2.0,1.5,0.7877037990482877,0.0,0.8336988537374682
bc80b3dc2883bb398c18b31f7710f5cb,7.7375,8.0,8.312000000000001,2.0,2.0,0.922239803842308,0.9361343956768717,0.9955774099525563
bcd66f162c4f4f4f704d85ebe9fac6bb,8.012,7.949999999999999,8.408,2.0,2.0,0.9849136225347318,0.9033146820415718,0.9964847456545327
bf64b71006b43dd162b7740c6e57a371,0.0,0.0,7.633333333333333,2.5,1.0,0.5920845477948216,0.0,0.7666398953258302
bfca79074190287c5ac31636a510bffc,8.384,7.3,8.602,2.0,2.0,0.9976997212943854,0.6271575025191816,0.9977465800055316
bfeab016f261b5c8b8e16dcc4fdb8ae8,7.969230769230769,7.3,8.1,2.0,2.0,0.9584236112588559,0.6411957747377828,0.9952111567346765
c0a7097988f9176aa6ce60305b082284,7.845454545454545,7.5,7.923809523809524,2.0,2.0,0.9478404858023247,0.529115162861945,0.9953405101802012
c14836fa30d12c4568d4603741542537,8.15,6.5,7.463636363636363,2.0,2.0,0.6300094142927047,0.9960693998255431,0.7754495457736741
c207f7a3f9f25cdbf91b0dda512ac067,7.6000000000000005,0.0,7.209999999999999,2.0,2.0,0.7895574508702143,0.9854716720209349,0.7951763185328596
c3b4bcef6080182108d41a8922f30822,8.366,7.3,8.526,2.0,2.0,0.9966581388422016,0.6271575025191816,0.9972266131949025
c3c97d972307186c9f2301d3fe97517e,8.022448979591838,7.3,8.146,2.0,2.0,0.9962277407825033,0.6411957747377828,0.9963869859370678
c3f3cb05411a0e86ec58d50fe9f01be8,7.35625,7.9,7.759183673469387,2.0,2.0,0.9223867625470714,0.7439157252373962,0.9773698487330595
c3f5da8502167ef82c2faf46ae594be8,8.362,7.1,8.597999999999999,2.0,2.0,0.9969185477522712,0.5664462906622981,0.9972961832223476
c41d2c76618e7fa70fb587d1c2f0497d,7.605714285714285,6.8,7.90204081632653,2.0,2.0,0.9372306798679517,0.5558222347509734,0.9965541029296002
c44dbe3deb1f97cf96cc6943f93fd67f,7.823255813953488,7.866666666666667,7.775,2.0,2.0,0.9540515499010701,0.8436820522094335,0.9784071761376932
c47b9318793bacf57e0d4e693e8c1ca5,7.81,8.2,8.35,2.0,2.0,0.9553688594345041,0.7008412836870594,0.9971613514031019
c4c341211dc9fccf3f8c01a8c633fa8f,8.0,7.3,8.244,2.0,2.0,0.9728164691615429,0.5384164308661149,0.9958209582367082
c54eb44c4ee6372ecdab621060253d67,8.357999999999999,7.3,8.49,2.0,2.0,0.9972837903963577,0.6271575025191816,0.997553613599132
c5ee62578f6ad43926b0662b07ecaf80,8.498,7.3,8.693999999999999,2.0,2.0,0.9975432419207284,0.6574422997822834,0.9975879731080995
c6e98ab421de6591242fd6f757e0ef18,7.433333333333334,0.0,7.17,2.0,2.0,0.7663015940312929,0.9894528008850498,0.7893211603514669
c78b3fa77fafe6a072047b34c934b394,8.15,6.5,7.404999999999999,2.0,2.0,0.6269595025849414,0.6199045805586878,0.7514021977320597
c79ad33e91a47217daba30120955cd8a,8.328,8.2,8.476,2.0,2.0,0.9967569091334596,0.6899376103652959,0.9978293406803822
c7a33e9048543382212a9902050c99b9,7.918181818181819,7.5,7.904166666666666,2.0,2.0,0.8999665446886369,0.5519102504095483,0.9952341871795417
c88c6800155be87a311cdacd08762293,8.0,0.0,7.815384615384616,2.0,2.0,0.6264182605365615,0.24373976129183245,0.7894474288875177
c961c25534b587be5324fbf45a4f39f0,7.868421052631579,7.3,8.27,2.0,2.0,0.910506829351318,0.5561034667999915,0.9956512882156459
c9dba34e928ed1f54249921cc8d1056a,8.116,7.949999999999999,8.16,2.0,2.0,0.9971894879050274,0.9626797757589941,0.9976771695423696
ca54282b0972fa7c46c9e0f7f1a0d8d1,8.9,6.5,7.373333333333333,2.0,2.0,0.647138374146331,0.9960693998255431,0.8257418979335664
cd32c020839c22b3edbe6be8b23d268c,8.458,7.3,8.558,2.0,2.0,0.9973716571282684,0.6500891565431994,0.9974723421909241
cd7001bfe1befebc9058bdc98b2c8086,7.9375,7.95,8.07391304347826,2.0,2.0,0.9684033465948981,0.8576976711351114,0.9964249622364529
ce7c8da008cd4743ef78d7cb694dd201,8.236,7.3,8.462,2.0,2.0,0.9968101504159308,0.5906910197221454,0.9967890879305576
d03c28fb2a0b6f1c59f713b00e78b298,7.8428571428571425,7.95,7.976,2.0,2.0,0.9068753058315427,0.8576976711351114,0.9949259089845328
d0bc86cac905d5f0f40d05254358e47c,7.4750000000000005,0.0,7.385714285714285,2.0,2.0,0.7287549464927771,0.6165570548688382,0.8483245008111804
d11d22de75282c7c05798b62807a5a3c,7.935714285714285,5.3,7.870967741935484,2.0,2.0,0.8039417164861817,0.7160912601323319,0.909242867476544
d34c10542a9ede9e4c6c2f57299c47fc,8.176923076923076,7.5,7.848484848484849,2.0,1.5,0.82627265234689,0.6304730549113886,0.9498503038058684
d3ab81397ef1bc938d319bd75ea680c8,6.55,8.0,7.415789473684211,2.0,2.0,0.906813128949216,0.8653193869084345,0.8594348233091504
d3f244f13f5e20ef59e3edf3f9287ab8,8.504,7.466666666666666,8.654,2.0,2.0,0.9976337148692636,0.7640152844853875,0.9977198263940599
d57f85f8bc129834a1a0829c7dfe107d,7.373684210526315,7.9,7.491891891891892,2.0,2.0,0.8447755994298237,0.7439157252373962,0.9114015594749272
d63afda1febe9be461d266ef84f271c6,7.753125,0.0,8.1,2.0,2.0,0.9542734354342124,0.39325574963300214,0.9968996659787673
d6546696db912147891341569b3a26eb,7.904166666666666,7.949999999999999,8.494,2.0,2.0,0.9646117269110482,0.9570728863051294,0.9958001085037125
d7e96d6450b9e19aefcd10b6bc1b5134,7.383333333333333,5.3,7.321052631578947,2.0,1.5,0.7833746046718498,0.8093304328092533,0.8033923898474565
d84b81badb9e1939412bd973a5491ea8,7.874,7.033333333333334,8.216000000000001,2.0,2.0,0.9961247154436951,0.6049885704694973,0.9971108759015382
d88b144ae017a2c6faf494cc5082d1b0,8.277999999999999,7.949999999999999,8.366,2.0,2.0,0.9974281428844968,0.9626797757589941,0.997843010020637
d8a61f7ed7a6fabd1b57d8af0030c2f6,8.464,7.6499999999999995,8.696,2.0,2.0,0.9975079782141566,0.7179739977912435,0.9976245133289364
d92e0942624a23c106b3fad7ba3ec18a,7.805405405405406,0.0,8.25,2.0,2.0,0.9718362102696498,0.49301684644242566,0.9970169989149629
d975bc04543358b601cee55edfabb198,0.0,6.5,8.049999999999999,2.0,2.0,0.5159359713537106,0.9960693998255431,0.7606734715908599
d99e34e88d920ada29975922318e1097,5.8,0.0,7.157142857142857,2.0,1.0,0.8717932565474544,0.0,0.793185424594071
d9f901dfc763a6005c3a197242af2f83,8.15,6.5,7.482608695652174,2.0,2.0,0.6453525838776248,0.9960693998255431,0.7613758164372487
da96a0ccc3dbd1dbd8e64afb2dd19eea,7.5,6.5,7.4523809523809526,2.0,1.0,0.6442301023338937,0.5675098752561893,0.7287188583707424
daadc17d513fa4b17d65cc57eee230dc,7.953846153846153,0.0,7.681818181818182,2.0,2.0,0.8128906792170307,0.995808778163096,0.9439707195108115
db7e28dfd241236f6d2e642c5c23106c,7.910714285714286,7.8,7.616216216216216,2.0,2.0,0.8965867072314534,0.9938269897666107,0.9433149479820437
dbe6c36eb9d292b2399cc7334d9e7267,7.766666666666666,5.3,7.447619047619048,2.0,2.0,0.7623693861203318,0.8093304328092533,0.8203351381826692
dcc6a52302d418aff87a854637b1a742,8.514,7.3,8.63,2.0,2.0,0.9974900538263515,0.6879209246691109,0.9976485011595004
dd8907b6f546637904eae930c63f717b,7.493939393939394,7.9,7.443589743589744,2.0,2.0,0.8915298491585644,0.7801299157196653,0.9437529519392379
de5ac9fc0737dbe60a2fda6017880118,7.685714285714286,0.0,8.035714285714286,2.0,2.0,0.7210584962661958,0.48543975916430865,0.9880758143097249
df01a47ecec29729e6aec325c3166848,5.8,0.0,7.189473684210526,2.0,1.0,0.8375726777318164,0.0,0.8564545125122419
df3c7a232a1a1cec510be8a13e4b4fa4,7.816666666666666,0.0,7.985000000000001,2.0,2.0,0.7028995557839461,0.6090967597812905,0.9837358629173858
df550cf793abdaab9ca0afed2fff7a17,7.859999999999999,5.3,7.621052631578948,2.0,2.0,0.7631866124466009,0.7160912601323319,0.7813373082569198
df90f60cecf08c820f62a73ceb7ce8ea,8.9,0.0,7.58125,2.0,2.0,0.6554872384032225,0.0,0.7939087125548628
dfb4810ce36bce22c088da09bc37132d,8.15,6.5,7.459090909090909,2.0,2.0,0.6104508222879391,0.9960693998255431,0.7695548688381593
e06e77adbf06fa422ac611cc47490b70,8.342,8.0,8.396,2.0,2.0,0.9977562070506139,0.9916278140301075,0.9978004063570409
e1cea084c97551ce01b10b7cf34dc873,8.224,7.949999999999999,8.318,2.0,2.0,0.9974105908133524,0.9907258579239624,0.9978981660745059
e25f736ffe1c4dc0ff0db3d55cffcda6,8.54,7.6499999999999995,8.686,2.0,2.0,0.9975254770972066,0.6574035167968002,0.9977161032274536
e292a09b42778b2044a04fed4d869c03,8.9,0.0,7.5470588235294125,2.0,2.0,0.6776267253279202,0.0,0.805480253858116
e43d661c281b9f3ab758adf5d1aaa6d3,8.144,7.1,8.54,2.0,2.0,0.9967228155649639,0.6168539109205795,0.9974862242835563
e44ad2d4e378455b8be0c43103bfb7bb,7.550000000000001,0.0,7.055555555555555,2.0,1.0,0.7926917785389586,0.5850433305675524,0.864588980747377
e45fe6602cac6fcd5575fbbeb2933abf,7.12,0.0,7.015789473684211,2.0,2.0,0.7775353461902493,0.9854716720209349,0.7995964087398677
e5cfc96474e073b8409dfadb940aa9ed,7.883333333333333,0.0,7.722222222222222,2.0,1.5,0.7796023658064379,0.9854716720209349,0.9303354750406002
e64b5d2af3b867814d137ac3405321be,8.9,0.0,7.385714285714285,2.0,2.0,0.6615636014367877,0.0,0.7924858439080935
e70ed60da01e0c5b3cfff1978212f92a,8.51,7.699999999999999,8.692,2.0,2.0,0.9977269535987066,0.7877142271383064,0.9977295066272366
e8df6ff566c6126e4ce3f8c42528a1b5,8.068,7.95,8.394,2.0,2.0,0.9843710507839926,0.8576976711351114,0.9965080952279642
e96dc4d40ec649747b84ad88ce7452ac,8.333333333333334,6.5,7.425,2.0,2.0,0.6391404803948685,0.6199045805586878,0.7788658702636002
ea2abb842a6b1ffab40cac389ee62041,7.828571428571428,6.5,8.028571428571428,2.0,2.0,0.6296164606514477,0.5437216773397443,0.9189869339647014
ea3fa0ae52bafccec22bf0737c4b4ca3,8.33,7.5,7.872413793103448,2.0,2.0,0.7871410690097795,0.9983192562176882,0.9384451651009104
eaa6b245ee62c45784f77efbb12271ec,5.8,0.0,7.1000000000000005,2.0,1.0,0.8717932565474544,0.0,0.7915455704395128
eaab0ad463ec9dae8cf7a36a5c45a149,8.155555555555557,0.0,8.131578947368421,2.0,2.0,0.6878090147695279,0.0,0.785162709633621
eb6368c03bcb93942294412d0e5ca27f,7.566666666666666,0.0,7.3428571428571425,2.0,2.0,0.8123676170556314,0.6879906601706274,0.8156947960768461
ec41199bd91f06bd9c22c898898e2500,7.1,0.0,7.2,2.0,1.0,0.7346381029294684,0.0,0.7635306257047422
ec75583be1d60c05006c7b52b3aa170c,0.0,0.0,6.916666666666667,1.5,1.0,0.6825574963300215,0.42299959577048274,0.8792317038865132
ec9c2c511ecffd213d860256b92c76b9,8.378,7.3,8.59,2.0,2.0,0.9970687509307916,0.5952060240835692,0.9973328830074677
ed8a2373c39ef8d3f79a878e073dfa61,5.8,0.0,7.071428571428571,2.0,1.0,0.8471077541695374,0.42299959577048274,0.783934737841385
edb7c7d5b26b1e3a1754590e80c0a095,8.024,7.3,8.124,2.0,2.0,0.9962834287173159,0.6973952017247127,0.9964328872625151
edcfd5a8042aeeb6be636cfe599690df,8.49,7.6499999999999995,8.682,2.0,2.0,0.9976730208710083,0.6581347322124507,0.9976603089164522
ee4b3a34e33c19ca79aad9878e2ea308,8.123076923076923,7.5,8.003125,2.0,2.0,0.7562761332898592,0.9983192562176882,0.8674708928153523
eec7389fe8f055d019ab491fb1a9c41e,7.7846153846153845,0.0,7.9624999999999995,2.0,2.0,0.6908871242261132,0.7365841896616527,0.9849315329256698
ef142705ab7da9b328648e0f8e41fd8f,7.906382978723404,7.949999999999999,7.931914893617021,2.0,2.0,0.9680269876390868,0.8576976711351114,0.9953740718677531
f022ca854bd64064a98753391f68b1b6,8.414,7.3,8.604,2.0,2.0,0.9972298576686595,0.5952060240835692,0.9977331234176542
f2028fea399d2c597a2ef46e0d7b84dd,8.324,7.5,8.224,2.0,2.0,0.9969141863285322,0.6372066676595111,0.9974012828968364
f3e2c03768168f204f28e72844f796f3,8.1,0.0,7.385714285714286,2.0,2.0,0.7822880107869336,0.9854716720209349,0.8223670563581049
f440e1272c1b2ea52500da60f3615eba,6.5,0.0,6.833333333333333,2.0,1.0,0.7648969879582155,0.0,0.8308763388625313
f45fe8b31cc637ae07751c634699aeed,7.949999999999999,0.0,7.075,2.0,1.0,0.7881702599565117,0.9854716720209349,0.8051060000729436
f4d1bb12fd1aaf84e993bbaa9656af13,6.671428571428572,0.0,7.510000000000001,2.0,1.0,0.9244943782154174,0.9744537582707486,0.8118559985532837
f6196464c4c2396aa84ea5b6c2b9cdf4,8.517999999999999,7.466666666666666,8.666,2.0,2.0,0.9974675020743357,0.7640152844853875,0.9977217411654575
f61b52397e4cbf189392cf0c87f44514,8.024,7.949999999999999,8.524,2.0,2.0,0.9846874135693465,0.9033146820415718,0.9959591409058995
f6812b632313589325d1140b64d1b2f4,5.4,0.0,7.038461538461538,2.0,1.0,0.6943096103522033,0.3785662617279748,0.8232370274237815
f76539c6f7db1b1ae75de42e9bea2e23,8.41,7.3,8.536,2.0,2.0,0.9973229900219135,0.6271575025191816,0.9976550964832032
f7a6ee23fc0e844d63fd15d9b4175b92,8.344,7.3,8.522,2.0,2.0,0.9972997468246707,0.6271575025191816,0.9973459140905899
f81a39e1457849b11d4b55d247bd70f5,8.472000000000001,7.3,8.602,2.0,2.0,0.9975656872965556,0.5952060240835692,0.9977465800055316
f8f4d44802ae144e59808bccd285fa47,8.267999999999999,7.3,8.386000000000001,2.0,2.0,0.9967878646043871,0.6973952017247127,0.9968938684764802
fa0ea19a46d07dc05e0e3b6bc73334fa,8.282,7.3,8.277999999999999,2.0,2.0,0.9967142522817692,0.6973952017247127,0.9968356275131375
fa5ba459c6586ffe4fb656b209d50ae2,8.0,0.0,7.81923076923077,2.0,2.0,0.6511480118290323,0.24373976129183245,0.8714171967746739
fb0646bb18bbeb5dd4c1af0af9e498fe,6.841666666666666,8.0,7.547499999999999,2.0,1.5,0.9339214210291168,0.9361343956768717,0.8788470416781908
fb07e35ebbc2e311fa433e5e929e5e23,8.522,7.3,8.686,2.0,2.0,0.9974686190243176,0.7182847371444376,0.9973572963427867
fb1e1c1a98357e8db2c8c39e4b37974b,7.300000000000001,8.0,7.689361702127659,2.0,2.0,0.9578068953045551,0.8653193869084345,0.9463961342893006
fc0d36e5fbe5faccf10c2981100cda49,7.93061224489796,7.949999999999999,8.424,2.0,2.0,0.984072825138821,0.9033146820415718,0.9963249154309299
fc6226cfc6cae46d80778272523cf271,0.0,6.5,7.74,2.0,2.0,0.6452008382443674,0.9960693998255431,0.7115051166946791
fd9055f8ffc3d10246da2114b6aa2c39,7.2,0.0,7.123076923076923,2.0,1.0,0.7551128727172013,0.3785662617279748,0.7536009996437532
fdd045998e6d644711170bf8238e8f36,7.5520000000000005,8.0,7.788636363636363,2.0,2.0,0.9136267897793757,0.9923934376529158,0.9684378656681488
fecd51be0c13ce728017a0127aae2152,8.498,7.3,8.69,2.0,2.0,0.9975422313469353,0.6574422997822834,0.997522711316299
fedd9729d9183b05bb4a3bd9da7d7de1,8.392000000000001,7.3,8.44,2.0,2.0,0.9970259345148181,0.5461501275332307,0.9971145990681446
fffa2ab1429abc74cb18206fa315d67a,8.007317073170732,7.5,8.040816326530612,2.0,2.0,0.9599461736484904,0.81880057301307,0.9961365232006467
